,file_path,length,label
0,TRAIN16k/spkr56_46.wav,161109,
1,TRAIN16k/spkr52_34.wav,152917,
2,TRAIN16k/spkr14_22.wav,140629,
3,TRAIN16k/spkr14_36.wav,125611,
4,TRAIN16k/spkr56_21.wav,116053,
5,TRAIN16k/spkr55_59.wav,108484,
6,TRAIN16k/spkr41_33.wav,101053,
7,TRAIN16k/spkr17_2.wav,101035,
8,TRAIN16k/spkr52_23.wav,99669,
9,TRAIN16k/spkr17_46.wav,99669,
10,TRAIN16k/spkr18_19.wav,99669,
11,TRAIN16k/spkr14_58.wav,98304,
12,TRAIN16k/spkr14_52.wav,96939,
13,TRAIN16k/spkr56_55.wav,95573,
14,TRAIN16k/spkr14_35.wav,95573,
15,TRAIN16k/spkr17_64.wav,95573,
16,TRAIN16k/spkr14_50.wav,95573,
17,TRAIN16k/spkr18_50.wav,94208,
18,TRAIN16k/spkr42_30.wav,93623,
19,TRAIN16k/spkr52_58.wav,92843,
20,TRAIN16k/spkr14_19.wav,92843,
21,TRAIN16k/spkr14_21.wav,92843,
22,TRAIN16k/spkr14_11.wav,91477,
23,TRAIN16k/spkr55_33.wav,90651,
24,TRAIN16k/spkr41_21.wav,90651,
25,TRAIN16k/spkr18_10.wav,90112,
26,TRAIN16k/spkr14_4.wav,90112,
27,TRAIN16k/spkr56_18.wav,88747,
28,TRAIN16k/spkr14_45.wav,88747,
29,TRAIN16k/spkr52_5.wav,88747,
30,TRAIN16k/spkr56_20.wav,87381,
31,TRAIN16k/spkr14_2.wav,87381,
32,TRAIN16k/spkr109_19.wav,86193,
33,TRAIN16k/spkr18_33.wav,86016,
34,TRAIN16k/spkr14_53.wav,86016,
35,TRAIN16k/spkr41_60.wav,84707,
36,TRAIN16k/spkr55_18.wav,84707,
37,TRAIN16k/spkr18_21.wav,84651,
38,TRAIN16k/spkr110_10.wav,83285,
39,TRAIN16k/spkr114_50.wav,83285,
40,TRAIN16k/spkr14_18.wav,83285,
41,TRAIN16k/spkr14_46.wav,83285,
42,TRAIN16k/spkr42_34.wav,83220,
43,TRAIN16k/spkr114_19.wav,81920,
44,TRAIN16k/spkr14_33.wav,81920,
45,TRAIN16k/spkr55_71.wav,81734,
46,TRAIN16k/spkr52_50.wav,80555,
47,TRAIN16k/spkr114_11.wav,80555,
48,TRAIN16k/spkr18_20.wav,80555,
49,TRAIN16k/spkr14_12.wav,80555,
50,TRAIN16k/spkr56_33.wav,80555,
51,TRAIN16k/spkr41_64.wav,80248,
52,TRAIN16k/spkr30_2.wav,80248,
53,TRAIN16k/spkr41_50.wav,80248,
54,TRAIN16k/spkr41_19.wav,80248,
55,TRAIN16k/spkr114_12.wav,79189,
56,TRAIN16k/spkr56_2.wav,79189,
57,TRAIN16k/spkr18_2.wav,79189,
58,TRAIN16k/spkr18_60.wav,77824,
59,TRAIN16k/spkr25_22.wav,77824,
60,TRAIN16k/spkr14_38.wav,77824,
61,TRAIN16k/spkr22_50.wav,77824,
62,TRAIN16k/spkr14_34.wav,77824,
63,TRAIN16k/spkr56_53.wav,77824,
64,TRAIN16k/spkr52_44.wav,77824,
65,TRAIN16k/spkr52_26.wav,77824,
66,TRAIN16k/spkr114_74.wav,77824,
67,TRAIN16k/spkr41_70.wav,77276,
68,TRAIN16k/spkr42_38.wav,77276,
69,TRAIN16k/spkr46_50.wav,77276,
70,TRAIN16k/spkr52_10.wav,76459,
71,TRAIN16k/spkr18_12.wav,76459,
72,TRAIN16k/spkr14_44.wav,76459,
73,TRAIN16k/spkr52_67.wav,76459,
74,TRAIN16k/spkr17_21.wav,76459,
75,TRAIN16k/spkr56_61.wav,76459,
76,TRAIN16k/spkr114_58.wav,76459,
77,TRAIN16k/spkr14_60.wav,76459,
78,TRAIN16k/spkr56_50.wav,76459,
79,TRAIN16k/spkr52_19.wav,76459,
80,TRAIN16k/spkr114_36.wav,76459,
81,TRAIN16k/spkr17_58.wav,76459,
82,TRAIN16k/spkr25_50.wav,76459,
83,TRAIN16k/spkr55_20.wav,75790,
84,TRAIN16k/spkr55_73.wav,75790,
85,TRAIN16k/spkr41_65.wav,75790,
86,TRAIN16k/spkr55_64.wav,75790,
87,TRAIN16k/spkr41_55.wav,75790,
88,TRAIN16k/spkr41_36.wav,75790,
89,TRAIN16k/spkr33_19.wav,75790,
90,TRAIN16k/spkr112_34.wav,75093,
91,TRAIN16k/spkr18_24.wav,75093,
92,TRAIN16k/spkr29_50.wav,74304,
93,TRAIN16k/spkr41_26.wav,74304,
94,TRAIN16k/spkr41_67.wav,74304,
95,TRAIN16k/spkr89_19.wav,74304,
96,TRAIN16k/spkr55_19.wav,74304,
97,TRAIN16k/spkr41_2.wav,74304,
98,TRAIN16k/spkr55_57.wav,74304,
99,TRAIN16k/spkr18_58.wav,73728,
100,TRAIN16k/spkr14_14.wav,73728,
101,TRAIN16k/spkr110_20.wav,73728,
102,TRAIN16k/spkr14_31.wav,73728,
103,TRAIN16k/spkr14_23.wav,73728,
104,TRAIN16k/spkr17_19.wav,73728,
105,TRAIN16k/spkr18_29.wav,73728,
106,TRAIN16k/spkr14_28.wav,73728,
107,TRAIN16k/spkr114_22.wav,73728,
108,TRAIN16k/spkr41_23.wav,72818,
109,TRAIN16k/spkr41_59.wav,72818,
110,TRAIN16k/spkr41_34.wav,72818,
111,TRAIN16k/spkr46_19.wav,72818,
112,TRAIN16k/spkr41_31.wav,72818,
113,TRAIN16k/spkr114_57.wav,72363,
114,TRAIN16k/spkr18_44.wav,72363,
115,TRAIN16k/spkr14_54.wav,72363,
116,TRAIN16k/spkr56_35.wav,72363,
117,TRAIN16k/spkr56_36.wav,72363,
118,TRAIN16k/spkr14_57.wav,72363,
119,TRAIN16k/spkr14_24.wav,72363,
120,TRAIN16k/spkr18_31.wav,72363,
121,TRAIN16k/spkr18_28.wav,72363,
122,TRAIN16k/spkr52_18.wav,72363,
123,TRAIN16k/spkr41_58.wav,71332,
124,TRAIN16k/spkr41_54.wav,71332,
125,TRAIN16k/spkr89_50.wav,71332,
126,TRAIN16k/spkr41_75.wav,71332,
127,TRAIN16k/spkr32_22.wav,71332,
128,TRAIN16k/spkr56_57.wav,70997,
129,TRAIN16k/spkr14_26.wav,70997,
130,TRAIN16k/spkr14_8.wav,70997,
131,TRAIN16k/spkr18_72.wav,70997,
132,TRAIN16k/spkr18_36.wav,70997,
133,TRAIN16k/spkr114_21.wav,70997,
134,TRAIN16k/spkr18_18.wav,70997,
135,TRAIN16k/spkr114_9.wav,70997,
136,TRAIN16k/spkr52_15.wav,70997,
137,TRAIN16k/spkr18_55.wav,70997,
138,TRAIN16k/spkr56_34.wav,70997,
139,TRAIN16k/spkr114_15.wav,70997,
140,TRAIN16k/spkr18_71.wav,70997,
141,TRAIN16k/spkr41_18.wav,69846,
142,TRAIN16k/spkr109_50.wav,69846,
143,TRAIN16k/spkr41_4.wav,69846,
144,TRAIN16k/spkr41_24.wav,69846,
145,TRAIN16k/spkr55_50.wav,69846,
146,TRAIN16k/spkr55_21.wav,69846,
147,TRAIN16k/spkr33_22.wav,69846,
148,TRAIN16k/spkr27_21.wav,69846,
149,TRAIN16k/spkr41_38.wav,69846,
150,TRAIN16k/spkr41_61.wav,69846,
151,TRAIN16k/spkr55_36.wav,69846,
152,TRAIN16k/spkr41_22.wav,69846,
153,TRAIN16k/spkr41_29.wav,69846,
154,TRAIN16k/spkr18_65.wav,69632,
155,TRAIN16k/spkr112_50.wav,69632,
156,TRAIN16k/spkr52_66.wav,69632,
157,TRAIN16k/spkr18_23.wav,69632,
158,TRAIN16k/spkr18_15.wav,69632,
159,TRAIN16k/spkr18_22.wav,69632,
160,TRAIN16k/spkr18_57.wav,69632,
161,TRAIN16k/spkr65_50.wav,69632,
162,TRAIN16k/spkr25_31.wav,69632,
163,TRAIN16k/spkr18_34.wav,69632,
164,TRAIN16k/spkr18_64.wav,69632,
165,TRAIN16k/spkr110_18.wav,69632,
166,TRAIN16k/spkr114_46.wav,69632,
167,TRAIN16k/spkr14_10.wav,69632,
168,TRAIN16k/spkr56_13.wav,69632,
169,TRAIN16k/spkr25_46.wav,69632,
170,TRAIN16k/spkr41_13.wav,68360,
171,TRAIN16k/spkr46_70.wav,68360,
172,TRAIN16k/spkr42_68.wav,68360,
173,TRAIN16k/spkr45_21.wav,68360,
174,TRAIN16k/spkr109_53.wav,68360,
175,TRAIN16k/spkr41_46.wav,68360,
176,TRAIN16k/spkr33_50.wav,68360,
177,TRAIN16k/spkr31_50.wav,68360,
178,TRAIN16k/spkr89_34.wav,68360,
179,TRAIN16k/spkr41_44.wav,68360,
180,TRAIN16k/spkr18_14.wav,68267,
181,TRAIN16k/spkr114_72.wav,68267,
182,TRAIN16k/spkr18_46.wav,68267,
183,TRAIN16k/spkr112_10.wav,68267,
184,TRAIN16k/spkr110_2.wav,68267,
185,TRAIN16k/spkr112_66.wav,68267,
186,TRAIN16k/spkr14_42.wav,68267,
187,TRAIN16k/spkr14_64.wav,68267,
188,TRAIN16k/spkr56_26.wav,68267,
189,TRAIN16k/spkr14_29.wav,68267,
190,TRAIN16k/spkr14_30.wav,68267,
191,TRAIN16k/spkr18_11.wav,68267,
192,TRAIN16k/spkr56_11.wav,68267,
193,TRAIN16k/spkr114_8.wav,68267,
194,TRAIN16k/spkr25_34.wav,68267,
195,TRAIN16k/spkr114_31.wav,68267,
196,TRAIN16k/spkr112_19.wav,68267,
197,TRAIN16k/spkr25_19.wav,68267,
198,TRAIN16k/spkr56_58.wav,68267,
199,TRAIN16k/spkr112_65.wav,68267,
200,TRAIN16k/spkr65_19.wav,68267,
201,TRAIN16k/spkr112_55.wav,68267,
202,TRAIN16k/spkr18_30.wav,68267,
203,TRAIN16k/spkr114_4.wav,68267,
204,TRAIN16k/spkr18_35.wav,68267,
205,TRAIN16k/spkr110_71.wav,68267,
206,TRAIN16k/spkr52_65.wav,66901,
207,TRAIN16k/spkr52_69.wav,66901,
208,TRAIN16k/spkr14_43.wav,66901,
209,TRAIN16k/spkr114_53.wav,66901,
210,TRAIN16k/spkr52_21.wav,66901,
211,TRAIN16k/spkr18_61.wav,66901,
212,TRAIN16k/spkr114_43.wav,66901,
213,TRAIN16k/spkr55_34.wav,66874,
214,TRAIN16k/spkr42_36.wav,66874,
215,TRAIN16k/spkr41_20.wav,66874,
216,TRAIN16k/spkr57_50.wav,66874,
217,TRAIN16k/spkr18_63.wav,65536,
218,TRAIN16k/spkr110_65.wav,65536,
219,TRAIN16k/spkr114_37.wav,65536,
220,TRAIN16k/spkr112_53.wav,65536,
221,TRAIN16k/spkr17_33.wav,65536,
222,TRAIN16k/spkr114_51.wav,65536,
223,TRAIN16k/spkr114_7.wav,65536,
224,TRAIN16k/spkr18_4.wav,65536,
225,TRAIN16k/spkr114_52.wav,65536,
226,TRAIN16k/spkr112_33.wav,65536,
227,TRAIN16k/spkr14_20.wav,65536,
228,TRAIN16k/spkr114_44.wav,65536,
229,TRAIN16k/spkr17_31.wav,65536,
230,TRAIN16k/spkr110_19.wav,65536,
231,TRAIN16k/spkr114_34.wav,65536,
232,TRAIN16k/spkr114_71.wav,65536,
233,TRAIN16k/spkr18_67.wav,65536,
234,TRAIN16k/spkr25_2.wav,65536,
235,TRAIN16k/spkr56_10.wav,65536,
236,TRAIN16k/spkr29_21.wav,65388,
237,TRAIN16k/spkr41_15.wav,65388,
238,TRAIN16k/spkr41_57.wav,65388,
239,TRAIN16k/spkr109_13.wav,65388,
240,TRAIN16k/spkr109_24.wav,65388,
241,TRAIN16k/spkr29_18.wav,65388,
242,TRAIN16k/spkr30_20.wav,65388,
243,TRAIN16k/spkr33_33.wav,65388,
244,TRAIN16k/spkr42_53.wav,65388,
245,TRAIN16k/spkr41_28.wav,65388,
246,TRAIN16k/spkr27_58.wav,65388,
247,TRAIN16k/spkr15_58.wav,65388,
248,TRAIN16k/spkr14_75.wav,64171,
249,TRAIN16k/spkr114_33.wav,64171,
250,TRAIN16k/spkr14_15.wav,64171,
251,TRAIN16k/spkr14_7.wav,64171,
252,TRAIN16k/spkr18_62.wav,64171,
253,TRAIN16k/spkr18_7.wav,64171,
254,TRAIN16k/spkr112_21.wav,64171,
255,TRAIN16k/spkr114_6.wav,64171,
256,TRAIN16k/spkr18_40.wav,64171,
257,TRAIN16k/spkr18_45.wav,64171,
258,TRAIN16k/spkr56_22.wav,64171,
259,TRAIN16k/spkr114_20.wav,64171,
260,TRAIN16k/spkr112_15.wav,64171,
261,TRAIN16k/spkr65_2.wav,64171,
262,TRAIN16k/spkr14_9.wav,64171,
263,TRAIN16k/spkr17_67.wav,64171,
264,TRAIN16k/spkr110_61.wav,64171,
265,TRAIN16k/spkr22_19.wav,64171,
266,TRAIN16k/spkr56_14.wav,64171,
267,TRAIN16k/spkr114_26.wav,64171,
268,TRAIN16k/spkr56_7.wav,64171,
269,TRAIN16k/spkr14_13.wav,64171,
270,TRAIN16k/spkr14_59.wav,64171,
271,TRAIN16k/spkr52_14.wav,64171,
272,TRAIN16k/spkr114_65.wav,64171,
273,TRAIN16k/spkr41_40.wav,63901,
274,TRAIN16k/spkr46_35.wav,63901,
275,TRAIN16k/spkr55_65.wav,63901,
276,TRAIN16k/spkr29_28.wav,63901,
277,TRAIN16k/spkr45_52.wav,63901,
278,TRAIN16k/spkr42_21.wav,63901,
279,TRAIN16k/spkr89_46.wav,63901,
280,TRAIN16k/spkr55_22.wav,63901,
281,TRAIN16k/spkr41_8.wav,63901,
282,TRAIN16k/spkr41_71.wav,63901,
283,TRAIN16k/spkr15_50.wav,63901,
284,TRAIN16k/spkr89_31.wav,63901,
285,TRAIN16k/spkr27_50.wav,63901,
286,TRAIN16k/spkr109_33.wav,63901,
287,TRAIN16k/spkr46_21.wav,63901,
288,TRAIN16k/spkr46_2.wav,63901,
289,TRAIN16k/spkr42_71.wav,63901,
290,TRAIN16k/spkr55_26.wav,63901,
291,TRAIN16k/spkr31_19.wav,63901,
292,TRAIN16k/spkr18_69.wav,62805,
293,TRAIN16k/spkr18_8.wav,62805,
294,TRAIN16k/spkr18_66.wav,62805,
295,TRAIN16k/spkr56_19.wav,62805,
296,TRAIN16k/spkr112_18.wav,62805,
297,TRAIN16k/spkr17_61.wav,62805,
298,TRAIN16k/spkr17_44.wav,62805,
299,TRAIN16k/spkr18_53.wav,62805,
300,TRAIN16k/spkr14_56.wav,62805,
301,TRAIN16k/spkr14_63.wav,62805,
302,TRAIN16k/spkr114_35.wav,62805,
303,TRAIN16k/spkr114_30.wav,62805,
304,TRAIN16k/spkr14_51.wav,62805,
305,TRAIN16k/spkr114_69.wav,62805,
306,TRAIN16k/spkr18_43.wav,62805,
307,TRAIN16k/spkr18_42.wav,62805,
308,TRAIN16k/spkr14_37.wav,62805,
309,TRAIN16k/spkr14_69.wav,62805,
310,TRAIN16k/spkr41_66.wav,62415,
311,TRAIN16k/spkr29_36.wav,62415,
312,TRAIN16k/spkr41_42.wav,62415,
313,TRAIN16k/spkr33_8.wav,62415,
314,TRAIN16k/spkr27_19.wav,62415,
315,TRAIN16k/spkr41_14.wav,62415,
316,TRAIN16k/spkr55_75.wav,62415,
317,TRAIN16k/spkr55_67.wav,62415,
318,TRAIN16k/spkr55_7.wav,62415,
319,TRAIN16k/spkr89_33.wav,62415,
320,TRAIN16k/spkr89_22.wav,62415,
321,TRAIN16k/spkr41_53.wav,62415,
322,TRAIN16k/spkr55_13.wav,62415,
323,TRAIN16k/spkr52_71.wav,61440,
324,TRAIN16k/spkr64_50.wav,61440,
325,TRAIN16k/spkr112_64.wav,61440,
326,TRAIN16k/spkr14_61.wav,61440,
327,TRAIN16k/spkr114_55.wav,61440,
328,TRAIN16k/spkr18_73.wav,61440,
329,TRAIN16k/spkr56_15.wav,61440,
330,TRAIN16k/spkr114_18.wav,61440,
331,TRAIN16k/spkr112_58.wav,61440,
332,TRAIN16k/spkr114_24.wav,61440,
333,TRAIN16k/spkr17_36.wav,61440,
334,TRAIN16k/spkr114_2.wav,61440,
335,TRAIN16k/spkr14_5.wav,61440,
336,TRAIN16k/spkr18_38.wav,61440,
337,TRAIN16k/spkr65_46.wav,61440,
338,TRAIN16k/spkr25_66.wav,61440,
339,TRAIN16k/spkr56_44.wav,61440,
340,TRAIN16k/spkr14_1.wav,61440,
341,TRAIN16k/spkr14_65.wav,61440,
342,TRAIN16k/spkr114_66.wav,61440,
343,TRAIN16k/spkr18_37.wav,61440,
344,TRAIN16k/spkr41_12.wav,60929,
345,TRAIN16k/spkr41_62.wav,60929,
346,TRAIN16k/spkr46_61.wav,60929,
347,TRAIN16k/spkr31_30.wav,60929,
348,TRAIN16k/spkr89_30.wav,60929,
349,TRAIN16k/spkr41_35.wav,60929,
350,TRAIN16k/spkr109_75.wav,60929,
351,TRAIN16k/spkr15_9.wav,60929,
352,TRAIN16k/spkr45_33.wav,60929,
353,TRAIN16k/spkr46_20.wav,60929,
354,TRAIN16k/spkr109_34.wav,60929,
355,TRAIN16k/spkr46_18.wav,60929,
356,TRAIN16k/spkr46_34.wav,60929,
357,TRAIN16k/spkr57_19.wav,60929,
358,TRAIN16k/spkr41_51.wav,60929,
359,TRAIN16k/spkr32_50.wav,60929,
360,TRAIN16k/spkr33_31.wav,60929,
361,TRAIN16k/spkr45_46.wav,60929,
362,TRAIN16k/spkr29_19.wav,60929,
363,TRAIN16k/spkr41_9.wav,60929,
364,TRAIN16k/spkr35_19.wav,60929,
365,TRAIN16k/spkr45_12.wav,60929,
366,TRAIN16k/spkr41_73.wav,60929,
367,TRAIN16k/spkr15_22.wav,60929,
368,TRAIN16k/spkr109_21.wav,60929,
369,TRAIN16k/spkr89_2.wav,60929,
370,TRAIN16k/spkr32_58.wav,60929,
371,TRAIN16k/spkr114_13.wav,60075,
372,TRAIN16k/spkr110_69.wav,60075,
373,TRAIN16k/spkr56_12.wav,60075,
374,TRAIN16k/spkr114_62.wav,60075,
375,TRAIN16k/spkr114_64.wav,60075,
376,TRAIN16k/spkr52_20.wav,60075,
377,TRAIN16k/spkr18_13.wav,60075,
378,TRAIN16k/spkr18_9.wav,60075,
379,TRAIN16k/spkr110_22.wav,60075,
380,TRAIN16k/spkr14_55.wav,60075,
381,TRAIN16k/spkr14_73.wav,60075,
382,TRAIN16k/spkr114_56.wav,60075,
383,TRAIN16k/spkr14_40.wav,60075,
384,TRAIN16k/spkr32_36.wav,59443,
385,TRAIN16k/spkr35_58.wav,59443,
386,TRAIN16k/spkr33_36.wav,59443,
387,TRAIN16k/spkr41_30.wav,59443,
388,TRAIN16k/spkr41_69.wav,59443,
389,TRAIN16k/spkr55_70.wav,59443,
390,TRAIN16k/spkr34_50.wav,59443,
391,TRAIN16k/spkr29_61.wav,59443,
392,TRAIN16k/spkr29_71.wav,59443,
393,TRAIN16k/spkr45_58.wav,59443,
394,TRAIN16k/spkr33_53.wav,59443,
395,TRAIN16k/spkr57_21.wav,59443,
396,TRAIN16k/spkr15_19.wav,59443,
397,TRAIN16k/spkr55_30.wav,59443,
398,TRAIN16k/spkr55_23.wav,59443,
399,TRAIN16k/spkr33_46.wav,59443,
400,TRAIN16k/spkr33_2.wav,59443,
401,TRAIN16k/spkr89_21.wav,59443,
402,TRAIN16k/spkr46_22.wav,59443,
403,TRAIN16k/spkr55_14.wav,59443,
404,TRAIN16k/spkr109_18.wav,59443,
405,TRAIN16k/spkr42_1.wav,59443,
406,TRAIN16k/spkr31_34.wav,59443,
407,TRAIN16k/spkr33_58.wav,59443,
408,TRAIN16k/spkr45_50.wav,59443,
409,TRAIN16k/spkr56_65.wav,58709,
410,TRAIN16k/spkr18_59.wav,58709,
411,TRAIN16k/spkr56_71.wav,58709,
412,TRAIN16k/spkr52_46.wav,58709,
413,TRAIN16k/spkr17_71.wav,58709,
414,TRAIN16k/spkr17_34.wav,58709,
415,TRAIN16k/spkr14_67.wav,58709,
416,TRAIN16k/spkr64_19.wav,58709,
417,TRAIN16k/spkr65_22.wav,58709,
418,TRAIN16k/spkr14_70.wav,58709,
419,TRAIN16k/spkr56_8.wav,58709,
420,TRAIN16k/spkr22_21.wav,58709,
421,TRAIN16k/spkr114_60.wav,58709,
422,TRAIN16k/spkr56_67.wav,58709,
423,TRAIN16k/spkr18_70.wav,58709,
424,TRAIN16k/spkr17_15.wav,58709,
425,TRAIN16k/spkr114_28.wav,58709,
426,TRAIN16k/spkr52_64.wav,58709,
427,TRAIN16k/spkr14_74.wav,58709,
428,TRAIN16k/spkr114_1.wav,58709,
429,TRAIN16k/spkr34_34.wav,57957,
430,TRAIN16k/spkr29_58.wav,57957,
431,TRAIN16k/spkr34_2.wav,57957,
432,TRAIN16k/spkr89_53.wav,57957,
433,TRAIN16k/spkr29_34.wav,57957,
434,TRAIN16k/spkr29_10.wav,57957,
435,TRAIN16k/spkr41_5.wav,57957,
436,TRAIN16k/spkr45_19.wav,57957,
437,TRAIN16k/spkr27_33.wav,57957,
438,TRAIN16k/spkr29_64.wav,57957,
439,TRAIN16k/spkr109_65.wav,57957,
440,TRAIN16k/spkr89_67.wav,57957,
441,TRAIN16k/spkr46_26.wav,57957,
442,TRAIN16k/spkr30_21.wav,57957,
443,TRAIN16k/spkr42_61.wav,57957,
444,TRAIN16k/spkr57_34.wav,57957,
445,TRAIN16k/spkr41_56.wav,57957,
446,TRAIN16k/spkr109_31.wav,57957,
447,TRAIN16k/spkr15_21.wav,57957,
448,TRAIN16k/spkr33_44.wav,57957,
449,TRAIN16k/spkr55_11.wav,57957,
450,TRAIN16k/spkr109_68.wav,57957,
451,TRAIN16k/spkr41_72.wav,57957,
452,TRAIN16k/spkr33_21.wav,57957,
453,TRAIN16k/spkr27_2.wav,57957,
454,TRAIN16k/spkr29_33.wav,57957,
455,TRAIN16k/spkr29_20.wav,57957,
456,TRAIN16k/spkr33_71.wav,57957,
457,TRAIN16k/spkr55_28.wav,57957,
458,TRAIN16k/spkr46_14.wav,57957,
459,TRAIN16k/spkr41_11.wav,57957,
460,TRAIN16k/spkr89_65.wav,57957,
461,TRAIN16k/spkr52_30.wav,57344,
462,TRAIN16k/spkr65_21.wav,57344,
463,TRAIN16k/spkr114_14.wav,57344,
464,TRAIN16k/spkr56_37.wav,57344,
465,TRAIN16k/spkr56_64.wav,57344,
466,TRAIN16k/spkr18_52.wav,57344,
467,TRAIN16k/spkr18_5.wav,57344,
468,TRAIN16k/spkr52_29.wav,57344,
469,TRAIN16k/spkr114_75.wav,57344,
470,TRAIN16k/spkr25_14.wav,57344,
471,TRAIN16k/spkr114_23.wav,57344,
472,TRAIN16k/spkr22_33.wav,57344,
473,TRAIN16k/spkr17_50.wav,57344,
474,TRAIN16k/spkr22_58.wav,57344,
475,TRAIN16k/spkr114_61.wav,57344,
476,TRAIN16k/spkr56_68.wav,57344,
477,TRAIN16k/spkr25_70.wav,57344,
478,TRAIN16k/spkr110_37.wav,57344,
479,TRAIN16k/spkr15_20.wav,56471,
480,TRAIN16k/spkr109_22.wav,56471,
481,TRAIN16k/spkr57_30.wav,56471,
482,TRAIN16k/spkr42_58.wav,56471,
483,TRAIN16k/spkr42_18.wav,56471,
484,TRAIN16k/spkr33_55.wav,56471,
485,TRAIN16k/spkr50_50.wav,56471,
486,TRAIN16k/spkr55_58.wav,56471,
487,TRAIN16k/spkr55_8.wav,56471,
488,TRAIN16k/spkr42_65.wav,56471,
489,TRAIN16k/spkr32_2.wav,56471,
490,TRAIN16k/spkr89_60.wav,56471,
491,TRAIN16k/spkr45_34.wav,56471,
492,TRAIN16k/spkr41_43.wav,56471,
493,TRAIN16k/spkr42_4.wav,56471,
494,TRAIN16k/spkr33_9.wav,56471,
495,TRAIN16k/spkr31_71.wav,56471,
496,TRAIN16k/spkr42_20.wav,56471,
497,TRAIN16k/spkr41_7.wav,56471,
498,TRAIN16k/spkr35_36.wav,56471,
499,TRAIN16k/spkr57_10.wav,56471,
500,TRAIN16k/spkr33_37.wav,56471,
501,TRAIN16k/spkr112_68.wav,55979,
502,TRAIN16k/spkr114_59.wav,55979,
503,TRAIN16k/spkr18_74.wav,55979,
504,TRAIN16k/spkr18_75.wav,55979,
505,TRAIN16k/spkr112_13.wav,55979,
506,TRAIN16k/spkr112_12.wav,55979,
507,TRAIN16k/spkr14_72.wav,55979,
508,TRAIN16k/spkr56_31.wav,55979,
509,TRAIN16k/spkr112_36.wav,55979,
510,TRAIN16k/spkr112_61.wav,55979,
511,TRAIN16k/spkr114_10.wav,55979,
512,TRAIN16k/spkr114_40.wav,55979,
513,TRAIN16k/spkr14_68.wav,55979,
514,TRAIN16k/spkr18_54.wav,55979,
515,TRAIN16k/spkr110_70.wav,55979,
516,TRAIN16k/spkr112_11.wav,55979,
517,TRAIN16k/spkr110_50.wav,55979,
518,TRAIN16k/spkr25_64.wav,55979,
519,TRAIN16k/spkr17_29.wav,55979,
520,TRAIN16k/spkr18_1.wav,55979,
521,TRAIN16k/spkr56_23.wav,55979,
522,TRAIN16k/spkr56_51.wav,55979,
523,TRAIN16k/spkr112_59.wav,55979,
524,TRAIN16k/spkr22_46.wav,55979,
525,TRAIN16k/spkr22_36.wav,55979,
526,TRAIN16k/spkr112_29.wav,55979,
527,TRAIN16k/spkr114_5.wav,55979,
528,TRAIN16k/spkr18_6.wav,55979,
529,TRAIN16k/spkr52_33.wav,55979,
530,TRAIN16k/spkr56_43.wav,55979,
531,TRAIN16k/spkr34_6.wav,54985,
532,TRAIN16k/spkr33_43.wav,54985,
533,TRAIN16k/spkr42_72.wav,54985,
534,TRAIN16k/spkr35_50.wav,54985,
535,TRAIN16k/spkr109_30.wav,54985,
536,TRAIN16k/spkr46_69.wav,54985,
537,TRAIN16k/spkr109_20.wav,54985,
538,TRAIN16k/spkr33_57.wav,54985,
539,TRAIN16k/spkr42_6.wav,54985,
540,TRAIN16k/spkr31_12.wav,54985,
541,TRAIN16k/spkr57_15.wav,54985,
542,TRAIN16k/spkr46_53.wav,54985,
543,TRAIN16k/spkr57_33.wav,54985,
544,TRAIN16k/spkr34_18.wav,54985,
545,TRAIN16k/spkr57_71.wav,54985,
546,TRAIN16k/spkr41_45.wav,54985,
547,TRAIN16k/spkr55_1.wav,54985,
548,TRAIN16k/spkr46_30.wav,54985,
549,TRAIN16k/spkr46_13.wav,54985,
550,TRAIN16k/spkr55_10.wav,54985,
551,TRAIN16k/spkr50_21.wav,54985,
552,TRAIN16k/spkr15_12.wav,54985,
553,TRAIN16k/spkr27_31.wav,54985,
554,TRAIN16k/spkr55_72.wav,54985,
555,TRAIN16k/spkr46_58.wav,54985,
556,TRAIN16k/spkr35_18.wav,54985,
557,TRAIN16k/spkr42_23.wav,54985,
558,TRAIN16k/spkr35_21.wav,54985,
559,TRAIN16k/spkr30_58.wav,54985,
560,TRAIN16k/spkr34_24.wav,54985,
561,TRAIN16k/spkr15_2.wav,54985,
562,TRAIN16k/spkr45_65.wav,54985,
563,TRAIN16k/spkr110_21.wav,54613,
564,TRAIN16k/spkr52_7.wav,54613,
565,TRAIN16k/spkr14_66.wav,54613,
566,TRAIN16k/spkr114_38.wav,54613,
567,TRAIN16k/spkr25_4.wav,54613,
568,TRAIN16k/spkr56_29.wav,54613,
569,TRAIN16k/spkr65_15.wav,54613,
570,TRAIN16k/spkr110_14.wav,54613,
571,TRAIN16k/spkr52_11.wav,54613,
572,TRAIN16k/spkr52_22.wav,54613,
573,TRAIN16k/spkr56_69.wav,54613,
574,TRAIN16k/spkr56_60.wav,54613,
575,TRAIN16k/spkr52_13.wav,54613,
576,TRAIN16k/spkr112_31.wav,54613,
577,TRAIN16k/spkr22_2.wav,54613,
578,TRAIN16k/spkr114_67.wav,54613,
579,TRAIN16k/spkr17_22.wav,54613,
580,TRAIN16k/spkr112_60.wav,54613,
581,TRAIN16k/spkr52_60.wav,54613,
582,TRAIN16k/spkr65_20.wav,54613,
583,TRAIN16k/spkr25_53.wav,54613,
584,TRAIN16k/spkr25_71.wav,54613,
585,TRAIN16k/spkr56_9.wav,54613,
586,TRAIN16k/spkr31_61.wav,53499,
587,TRAIN16k/spkr27_65.wav,53499,
588,TRAIN16k/spkr32_37.wav,53499,
589,TRAIN16k/spkr27_18.wav,53499,
590,TRAIN16k/spkr46_55.wav,53499,
591,TRAIN16k/spkr31_31.wav,53499,
592,TRAIN16k/spkr46_10.wav,53499,
593,TRAIN16k/spkr33_12.wav,53499,
594,TRAIN16k/spkr41_68.wav,53499,
595,TRAIN16k/spkr33_15.wav,53499,
596,TRAIN16k/spkr42_12.wav,53499,
597,TRAIN16k/spkr42_57.wav,53499,
598,TRAIN16k/spkr41_1.wav,53499,
599,TRAIN16k/spkr109_15.wav,53499,
600,TRAIN16k/spkr27_46.wav,53499,
601,TRAIN16k/spkr33_14.wav,53499,
602,TRAIN16k/spkr29_31.wav,53499,
603,TRAIN16k/spkr46_36.wav,53499,
604,TRAIN16k/spkr41_63.wav,53499,
605,TRAIN16k/spkr33_4.wav,53499,
606,TRAIN16k/spkr27_12.wav,53499,
607,TRAIN16k/spkr45_36.wav,53499,
608,TRAIN16k/spkr46_33.wav,53499,
609,TRAIN16k/spkr42_55.wav,53499,
610,TRAIN16k/spkr89_52.wav,53499,
611,TRAIN16k/spkr89_4.wav,53499,
612,TRAIN16k/spkr27_34.wav,53499,
613,TRAIN16k/spkr34_19.wav,53499,
614,TRAIN16k/spkr45_61.wav,53499,
615,TRAIN16k/spkr46_23.wav,53499,
616,TRAIN16k/spkr45_2.wav,53499,
617,TRAIN16k/spkr46_42.wav,53499,
618,TRAIN16k/spkr29_15.wav,53499,
619,TRAIN16k/spkr25_21.wav,53248,
620,TRAIN16k/spkr22_18.wav,53248,
621,TRAIN16k/spkr65_4.wav,53248,
622,TRAIN16k/spkr22_12.wav,53248,
623,TRAIN16k/spkr114_29.wav,53248,
624,TRAIN16k/spkr17_18.wav,53248,
625,TRAIN16k/spkr112_57.wav,53248,
626,TRAIN16k/spkr25_38.wav,53248,
627,TRAIN16k/spkr65_14.wav,53248,
628,TRAIN16k/spkr22_37.wav,53248,
629,TRAIN16k/spkr18_26.wav,53248,
630,TRAIN16k/spkr22_22.wav,53248,
631,TRAIN16k/spkr112_37.wav,53248,
632,TRAIN16k/spkr56_1.wav,53248,
633,TRAIN16k/spkr14_62.wav,53248,
634,TRAIN16k/spkr25_61.wav,53248,
635,TRAIN16k/spkr114_70.wav,53248,
636,TRAIN16k/spkr114_68.wav,53248,
637,TRAIN16k/spkr25_75.wav,53248,
638,TRAIN16k/spkr52_1.wav,53248,
639,TRAIN16k/spkr17_9.wav,53248,
640,TRAIN16k/spkr112_4.wav,53248,
641,TRAIN16k/spkr114_73.wav,53248,
642,TRAIN16k/spkr65_44.wav,53248,
643,TRAIN16k/spkr18_51.wav,53248,
644,TRAIN16k/spkr25_52.wav,53248,
645,TRAIN16k/spkr110_31.wav,53248,
646,TRAIN16k/spkr52_2.wav,53248,
647,TRAIN16k/spkr52_61.wav,53248,
648,TRAIN16k/spkr52_75.wav,53248,
649,TRAIN16k/spkr110_75.wav,53248,
650,TRAIN16k/spkr52_37.wav,53248,
651,TRAIN16k/spkr29_2.wav,52013,
652,TRAIN16k/spkr89_28.wav,52013,
653,TRAIN16k/spkr57_18.wav,52013,
654,TRAIN16k/spkr27_30.wav,52013,
655,TRAIN16k/spkr46_7.wav,52013,
656,TRAIN16k/spkr46_31.wav,52013,
657,TRAIN16k/spkr34_71.wav,52013,
658,TRAIN16k/spkr41_10.wav,52013,
659,TRAIN16k/spkr42_66.wav,52013,
660,TRAIN16k/spkr109_61.wav,52013,
661,TRAIN16k/spkr89_11.wav,52013,
662,TRAIN16k/spkr15_45.wav,52013,
663,TRAIN16k/spkr30_19.wav,52013,
664,TRAIN16k/spkr15_15.wav,52013,
665,TRAIN16k/spkr46_8.wav,52013,
666,TRAIN16k/spkr15_10.wav,52013,
667,TRAIN16k/spkr33_23.wav,52013,
668,TRAIN16k/spkr31_11.wav,52013,
669,TRAIN16k/spkr32_34.wav,52013,
670,TRAIN16k/spkr29_1.wav,52013,
671,TRAIN16k/spkr15_64.wav,52013,
672,TRAIN16k/spkr89_75.wav,52013,
673,TRAIN16k/spkr15_65.wav,52013,
674,TRAIN16k/spkr33_34.wav,52013,
675,TRAIN16k/spkr27_22.wav,52013,
676,TRAIN16k/spkr30_9.wav,52013,
677,TRAIN16k/spkr31_20.wav,52013,
678,TRAIN16k/spkr46_44.wav,52013,
679,TRAIN16k/spkr33_38.wav,52013,
680,TRAIN16k/spkr55_31.wav,52013,
681,TRAIN16k/spkr33_11.wav,52013,
682,TRAIN16k/spkr29_24.wav,52013,
683,TRAIN16k/spkr29_65.wav,52013,
684,TRAIN16k/spkr29_29.wav,52013,
685,TRAIN16k/spkr57_31.wav,52013,
686,TRAIN16k/spkr89_18.wav,52013,
687,TRAIN16k/spkr46_24.wav,52013,
688,TRAIN16k/spkr46_37.wav,52013,
689,TRAIN16k/spkr15_69.wav,52013,
690,TRAIN16k/spkr33_24.wav,52013,
691,TRAIN16k/spkr33_64.wav,52013,
692,TRAIN16k/spkr29_56.wav,52013,
693,TRAIN16k/spkr89_12.wav,52013,
694,TRAIN16k/spkr32_19.wav,52013,
695,TRAIN16k/spkr55_66.wav,52013,
696,TRAIN16k/spkr57_36.wav,52013,
697,TRAIN16k/spkr15_29.wav,52013,
698,TRAIN16k/spkr55_43.wav,52013,
699,TRAIN16k/spkr31_46.wav,52013,
700,TRAIN16k/spkr89_20.wav,52013,
701,TRAIN16k/spkr57_61.wav,52013,
702,TRAIN16k/spkr109_46.wav,52013,
703,TRAIN16k/spkr89_64.wav,52013,
704,TRAIN16k/spkr112_44.wav,51883,
705,TRAIN16k/spkr112_26.wav,51883,
706,TRAIN16k/spkr25_33.wav,51883,
707,TRAIN16k/spkr112_14.wav,51883,
708,TRAIN16k/spkr25_63.wav,51883,
709,TRAIN16k/spkr110_46.wav,51883,
710,TRAIN16k/spkr112_38.wav,51883,
711,TRAIN16k/spkr112_42.wav,51883,
712,TRAIN16k/spkr22_15.wav,51883,
713,TRAIN16k/spkr112_35.wav,51883,
714,TRAIN16k/spkr25_68.wav,51883,
715,TRAIN16k/spkr112_72.wav,51883,
716,TRAIN16k/spkr112_40.wav,51883,
717,TRAIN16k/spkr65_12.wav,51883,
718,TRAIN16k/spkr25_18.wav,51883,
719,TRAIN16k/spkr64_10.wav,51883,
720,TRAIN16k/spkr22_61.wav,51883,
721,TRAIN16k/spkr64_65.wav,51883,
722,TRAIN16k/spkr18_56.wav,51883,
723,TRAIN16k/spkr112_22.wav,51883,
724,TRAIN16k/spkr56_24.wav,51883,
725,TRAIN16k/spkr17_8.wav,51883,
726,TRAIN16k/spkr17_69.wav,51883,
727,TRAIN16k/spkr112_2.wav,51883,
728,TRAIN16k/spkr17_62.wav,51883,
729,TRAIN16k/spkr64_2.wav,51883,
730,TRAIN16k/spkr17_51.wav,51883,
731,TRAIN16k/spkr65_31.wav,51883,
732,TRAIN16k/spkr56_30.wav,51883,
733,TRAIN16k/spkr114_54.wav,51883,
734,TRAIN16k/spkr17_52.wav,51883,
735,TRAIN16k/spkr27_70.wav,50527,
736,TRAIN16k/spkr89_7.wav,50527,
737,TRAIN16k/spkr57_58.wav,50527,
738,TRAIN16k/spkr42_19.wav,50527,
739,TRAIN16k/spkr27_71.wav,50527,
740,TRAIN16k/spkr109_55.wav,50527,
741,TRAIN16k/spkr109_38.wav,50527,
742,TRAIN16k/spkr89_69.wav,50527,
743,TRAIN16k/spkr55_68.wav,50527,
744,TRAIN16k/spkr109_71.wav,50527,
745,TRAIN16k/spkr55_74.wav,50527,
746,TRAIN16k/spkr42_69.wav,50527,
747,TRAIN16k/spkr42_63.wav,50527,
748,TRAIN16k/spkr32_69.wav,50527,
749,TRAIN16k/spkr30_55.wav,50527,
750,TRAIN16k/spkr33_60.wav,50527,
751,TRAIN16k/spkr46_67.wav,50527,
752,TRAIN16k/spkr29_69.wav,50527,
753,TRAIN16k/spkr29_44.wav,50527,
754,TRAIN16k/spkr42_8.wav,50527,
755,TRAIN16k/spkr42_33.wav,50527,
756,TRAIN16k/spkr32_18.wav,50527,
757,TRAIN16k/spkr109_43.wav,50527,
758,TRAIN16k/spkr41_74.wav,50527,
759,TRAIN16k/spkr33_67.wav,50527,
760,TRAIN16k/spkr109_66.wav,50527,
761,TRAIN16k/spkr33_40.wav,50527,
762,TRAIN16k/spkr45_18.wav,50527,
763,TRAIN16k/spkr55_46.wav,50527,
764,TRAIN16k/spkr42_15.wav,50527,
765,TRAIN16k/spkr45_20.wav,50527,
766,TRAIN16k/spkr34_21.wav,50527,
767,TRAIN16k/spkr45_10.wav,50527,
768,TRAIN16k/spkr33_63.wav,50527,
769,TRAIN16k/spkr46_65.wav,50527,
770,TRAIN16k/spkr109_58.wav,50527,
771,TRAIN16k/spkr55_69.wav,50527,
772,TRAIN16k/spkr27_61.wav,50527,
773,TRAIN16k/spkr29_51.wav,50527,
774,TRAIN16k/spkr41_52.wav,50527,
775,TRAIN16k/spkr29_53.wav,50527,
776,TRAIN16k/spkr46_60.wav,50527,
777,TRAIN16k/spkr27_75.wav,50527,
778,TRAIN16k/spkr42_64.wav,50527,
779,TRAIN16k/spkr29_13.wav,50527,
780,TRAIN16k/spkr109_7.wav,50527,
781,TRAIN16k/spkr27_14.wav,50527,
782,TRAIN16k/spkr55_37.wav,50527,
783,TRAIN16k/spkr33_30.wav,50527,
784,TRAIN16k/spkr89_38.wav,50527,
785,TRAIN16k/spkr42_67.wav,50527,
786,TRAIN16k/spkr22_65.wav,50517,
787,TRAIN16k/spkr56_40.wav,50517,
788,TRAIN16k/spkr17_75.wav,50517,
789,TRAIN16k/spkr112_24.wav,50517,
790,TRAIN16k/spkr110_60.wav,50517,
791,TRAIN16k/spkr25_57.wav,50517,
792,TRAIN16k/spkr22_11.wav,50517,
793,TRAIN16k/spkr25_45.wav,50517,
794,TRAIN16k/spkr25_54.wav,50517,
795,TRAIN16k/spkr112_67.wav,50517,
796,TRAIN16k/spkr65_9.wav,50517,
797,TRAIN16k/spkr65_58.wav,50517,
798,TRAIN16k/spkr112_20.wav,50517,
799,TRAIN16k/spkr17_53.wav,50517,
800,TRAIN16k/spkr110_15.wav,50517,
801,TRAIN16k/spkr65_34.wav,50517,
802,TRAIN16k/spkr52_70.wav,50517,
803,TRAIN16k/spkr25_12.wav,50517,
804,TRAIN16k/spkr17_20.wav,50517,
805,TRAIN16k/spkr65_60.wav,50517,
806,TRAIN16k/spkr52_42.wav,50517,
807,TRAIN16k/spkr65_55.wav,50517,
808,TRAIN16k/spkr22_60.wav,50517,
809,TRAIN16k/spkr114_63.wav,50517,
810,TRAIN16k/spkr25_15.wav,50517,
811,TRAIN16k/spkr64_6.wav,50517,
812,TRAIN16k/spkr25_36.wav,50517,
813,TRAIN16k/spkr25_7.wav,50517,
814,TRAIN16k/spkr110_13.wav,50517,
815,TRAIN16k/spkr112_71.wav,50517,
816,TRAIN16k/spkr52_72.wav,50517,
817,TRAIN16k/spkr52_53.wav,50517,
818,TRAIN16k/spkr17_4.wav,50517,
819,TRAIN16k/spkr52_31.wav,50517,
820,TRAIN16k/spkr112_28.wav,50517,
821,TRAIN16k/spkr112_23.wav,50517,
822,TRAIN16k/spkr25_65.wav,50517,
823,TRAIN16k/spkr110_23.wav,49152,
824,TRAIN16k/spkr25_20.wav,49152,
825,TRAIN16k/spkr22_64.wav,49152,
826,TRAIN16k/spkr65_35.wav,49152,
827,TRAIN16k/spkr25_40.wav,49152,
828,TRAIN16k/spkr18_68.wav,49152,
829,TRAIN16k/spkr65_18.wav,49152,
830,TRAIN16k/spkr17_35.wav,49152,
831,TRAIN16k/spkr52_9.wav,49152,
832,TRAIN16k/spkr52_12.wav,49152,
833,TRAIN16k/spkr114_42.wav,49152,
834,TRAIN16k/spkr56_72.wav,49152,
835,TRAIN16k/spkr17_7.wav,49152,
836,TRAIN16k/spkr110_58.wav,49152,
837,TRAIN16k/spkr112_51.wav,49152,
838,TRAIN16k/spkr25_23.wav,49152,
839,TRAIN16k/spkr22_43.wav,49152,
840,TRAIN16k/spkr25_58.wav,49152,
841,TRAIN16k/spkr17_23.wav,49152,
842,TRAIN16k/spkr65_75.wav,49152,
843,TRAIN16k/spkr65_7.wav,49152,
844,TRAIN16k/spkr22_20.wav,49152,
845,TRAIN16k/spkr110_7.wav,49152,
846,TRAIN16k/spkr112_74.wav,49152,
847,TRAIN16k/spkr65_51.wav,49152,
848,TRAIN16k/spkr29_26.wav,49041,
849,TRAIN16k/spkr31_18.wav,49041,
850,TRAIN16k/spkr89_23.wav,49041,
851,TRAIN16k/spkr29_14.wav,49041,
852,TRAIN16k/spkr55_29.wav,49041,
853,TRAIN16k/spkr15_46.wav,49041,
854,TRAIN16k/spkr55_12.wav,49041,
855,TRAIN16k/spkr35_33.wav,49041,
856,TRAIN16k/spkr30_18.wav,49041,
857,TRAIN16k/spkr46_11.wav,49041,
858,TRAIN16k/spkr35_14.wav,49041,
859,TRAIN16k/spkr109_36.wav,49041,
860,TRAIN16k/spkr34_22.wav,49041,
861,TRAIN16k/spkr57_55.wav,49041,
862,TRAIN16k/spkr109_12.wav,49041,
863,TRAIN16k/spkr46_43.wav,49041,
864,TRAIN16k/spkr55_61.wav,49041,
865,TRAIN16k/spkr89_15.wav,49041,
866,TRAIN16k/spkr45_8.wav,49041,
867,TRAIN16k/spkr109_10.wav,49041,
868,TRAIN16k/spkr15_8.wav,49041,
869,TRAIN16k/spkr27_37.wav,49041,
870,TRAIN16k/spkr45_55.wav,49041,
871,TRAIN16k/spkr109_29.wav,49041,
872,TRAIN16k/spkr89_44.wav,49041,
873,TRAIN16k/spkr33_20.wav,49041,
874,TRAIN16k/spkr29_60.wav,49041,
875,TRAIN16k/spkr29_9.wav,49041,
876,TRAIN16k/spkr89_1.wav,49041,
877,TRAIN16k/spkr42_22.wav,49041,
878,TRAIN16k/spkr31_60.wav,49041,
879,TRAIN16k/spkr32_46.wav,49041,
880,TRAIN16k/spkr57_22.wav,49041,
881,TRAIN16k/spkr109_70.wav,49041,
882,TRAIN16k/spkr41_6.wav,49041,
883,TRAIN16k/spkr55_42.wav,49041,
884,TRAIN16k/spkr15_13.wav,49041,
885,TRAIN16k/spkr45_7.wav,49041,
886,TRAIN16k/spkr45_28.wav,49041,
887,TRAIN16k/spkr15_11.wav,49041,
888,TRAIN16k/spkr109_64.wav,49041,
889,TRAIN16k/spkr31_21.wav,49041,
890,TRAIN16k/spkr109_28.wav,49041,
891,TRAIN16k/spkr109_74.wav,49041,
892,TRAIN16k/spkr33_42.wav,49041,
893,TRAIN16k/spkr50_34.wav,49041,
894,TRAIN16k/spkr33_18.wav,49041,
895,TRAIN16k/spkr33_69.wav,49041,
896,TRAIN16k/spkr57_13.wav,49041,
897,TRAIN16k/spkr29_5.wav,49041,
898,TRAIN16k/spkr42_73.wav,49041,
899,TRAIN16k/spkr50_22.wav,49041,
900,TRAIN16k/spkr33_65.wav,49041,
901,TRAIN16k/spkr46_72.wav,49041,
902,TRAIN16k/spkr56_4.wav,47787,
903,TRAIN16k/spkr112_43.wav,47787,
904,TRAIN16k/spkr22_55.wav,47787,
905,TRAIN16k/spkr52_4.wav,47787,
906,TRAIN16k/spkr52_54.wav,47787,
907,TRAIN16k/spkr22_53.wav,47787,
908,TRAIN16k/spkr22_69.wav,47787,
909,TRAIN16k/spkr65_24.wav,47787,
910,TRAIN16k/spkr65_69.wav,47787,
911,TRAIN16k/spkr22_4.wav,47787,
912,TRAIN16k/spkr64_73.wav,47787,
913,TRAIN16k/spkr22_71.wav,47787,
914,TRAIN16k/spkr65_13.wav,47787,
915,TRAIN16k/spkr25_59.wav,47787,
916,TRAIN16k/spkr64_33.wav,47787,
917,TRAIN16k/spkr22_7.wav,47787,
918,TRAIN16k/spkr25_67.wav,47787,
919,TRAIN16k/spkr65_53.wav,47787,
920,TRAIN16k/spkr110_36.wav,47787,
921,TRAIN16k/spkr56_5.wav,47787,
922,TRAIN16k/spkr110_53.wav,47787,
923,TRAIN16k/spkr22_13.wav,47787,
924,TRAIN16k/spkr56_66.wav,47787,
925,TRAIN16k/spkr52_24.wav,47787,
926,TRAIN16k/spkr112_7.wav,47787,
927,TRAIN16k/spkr110_68.wav,47787,
928,TRAIN16k/spkr65_73.wav,47787,
929,TRAIN16k/spkr110_34.wav,47787,
930,TRAIN16k/spkr22_30.wav,47787,
931,TRAIN16k/spkr112_46.wav,47787,
932,TRAIN16k/spkr56_45.wav,47787,
933,TRAIN16k/spkr22_34.wav,47787,
934,TRAIN16k/spkr42_60.wav,47555,
935,TRAIN16k/spkr42_46.wav,47555,
936,TRAIN16k/spkr42_50.wav,47555,
937,TRAIN16k/spkr46_9.wav,47555,
938,TRAIN16k/spkr42_35.wav,47555,
939,TRAIN16k/spkr33_45.wav,47555,
940,TRAIN16k/spkr15_28.wav,47555,
941,TRAIN16k/spkr45_44.wav,47555,
942,TRAIN16k/spkr50_12.wav,47555,
943,TRAIN16k/spkr15_72.wav,47555,
944,TRAIN16k/spkr31_36.wav,47555,
945,TRAIN16k/spkr27_44.wav,47555,
946,TRAIN16k/spkr45_15.wav,47555,
947,TRAIN16k/spkr109_35.wav,47555,
948,TRAIN16k/spkr55_53.wav,47555,
949,TRAIN16k/spkr55_15.wav,47555,
950,TRAIN16k/spkr30_46.wav,47555,
951,TRAIN16k/spkr31_10.wav,47555,
952,TRAIN16k/spkr29_43.wav,47555,
953,TRAIN16k/spkr89_59.wav,47555,
954,TRAIN16k/spkr27_13.wav,47555,
955,TRAIN16k/spkr46_4.wav,47555,
956,TRAIN16k/spkr15_67.wav,47555,
957,TRAIN16k/spkr29_22.wav,47555,
958,TRAIN16k/spkr89_51.wav,47555,
959,TRAIN16k/spkr27_53.wav,47555,
960,TRAIN16k/spkr30_50.wav,47555,
961,TRAIN16k/spkr55_60.wav,47555,
962,TRAIN16k/spkr109_26.wav,47555,
963,TRAIN16k/spkr89_36.wav,47555,
964,TRAIN16k/spkr33_35.wav,47555,
965,TRAIN16k/spkr109_40.wav,47555,
966,TRAIN16k/spkr89_37.wav,47555,
967,TRAIN16k/spkr45_72.wav,47555,
968,TRAIN16k/spkr55_6.wav,47555,
969,TRAIN16k/spkr33_13.wav,47555,
970,TRAIN16k/spkr34_33.wav,47555,
971,TRAIN16k/spkr33_26.wav,47555,
972,TRAIN16k/spkr33_52.wav,47555,
973,TRAIN16k/spkr30_34.wav,47555,
974,TRAIN16k/spkr27_24.wav,47555,
975,TRAIN16k/spkr32_59.wav,47555,
976,TRAIN16k/spkr45_31.wav,47555,
977,TRAIN16k/spkr32_21.wav,47555,
978,TRAIN16k/spkr46_46.wav,47555,
979,TRAIN16k/spkr57_12.wav,47555,
980,TRAIN16k/spkr89_72.wav,47555,
981,TRAIN16k/spkr31_33.wav,47555,
982,TRAIN16k/spkr109_4.wav,47555,
983,TRAIN16k/spkr33_73.wav,47555,
984,TRAIN16k/spkr46_71.wav,47555,
985,TRAIN16k/spkr45_24.wav,47555,
986,TRAIN16k/spkr42_31.wav,47555,
987,TRAIN16k/spkr89_9.wav,47555,
988,TRAIN16k/spkr57_35.wav,47555,
989,TRAIN16k/spkr89_70.wav,47555,
990,TRAIN16k/spkr55_4.wav,47555,
991,TRAIN16k/spkr55_9.wav,47555,
992,TRAIN16k/spkr46_40.wav,47555,
993,TRAIN16k/spkr33_10.wav,47555,
994,TRAIN16k/spkr112_9.wav,46421,
995,TRAIN16k/spkr17_37.wav,46421,
996,TRAIN16k/spkr65_28.wav,46421,
997,TRAIN16k/spkr112_75.wav,46421,
998,TRAIN16k/spkr65_52.wav,46421,
999,TRAIN16k/spkr56_59.wav,46421,
1000,TRAIN16k/spkr25_24.wav,46421,
1001,TRAIN16k/spkr17_72.wav,46421,
1002,TRAIN16k/spkr64_46.wav,46421,
1003,TRAIN16k/spkr110_57.wav,46421,
1004,TRAIN16k/spkr52_35.wav,46421,
1005,TRAIN16k/spkr64_20.wav,46421,
1006,TRAIN16k/spkr112_45.wav,46421,
1007,TRAIN16k/spkr25_11.wav,46421,
1008,TRAIN16k/spkr112_30.wav,46421,
1009,TRAIN16k/spkr17_57.wav,46421,
1010,TRAIN16k/spkr52_38.wav,46421,
1011,TRAIN16k/spkr22_31.wav,46421,
1012,TRAIN16k/spkr52_8.wav,46421,
1013,TRAIN16k/spkr65_64.wav,46421,
1014,TRAIN16k/spkr25_42.wav,46421,
1015,TRAIN16k/spkr112_56.wav,46421,
1016,TRAIN16k/spkr65_67.wav,46421,
1017,TRAIN16k/spkr65_26.wav,46421,
1018,TRAIN16k/spkr110_12.wav,46421,
1019,TRAIN16k/spkr52_74.wav,46421,
1020,TRAIN16k/spkr110_52.wav,46421,
1021,TRAIN16k/spkr110_33.wav,46421,
1022,TRAIN16k/spkr52_36.wav,46421,
1023,TRAIN16k/spkr52_51.wav,46421,
1024,TRAIN16k/spkr14_6.wav,46421,
1025,TRAIN16k/spkr52_52.wav,46421,
1026,TRAIN16k/spkr17_42.wav,46421,
1027,TRAIN16k/spkr45_60.wav,46069,
1028,TRAIN16k/spkr35_35.wav,46069,
1029,TRAIN16k/spkr29_11.wav,46069,
1030,TRAIN16k/spkr46_12.wav,46069,
1031,TRAIN16k/spkr31_14.wav,46069,
1032,TRAIN16k/spkr89_35.wav,46069,
1033,TRAIN16k/spkr46_29.wav,46069,
1034,TRAIN16k/spkr50_33.wav,46069,
1035,TRAIN16k/spkr33_1.wav,46069,
1036,TRAIN16k/spkr55_52.wav,46069,
1037,TRAIN16k/spkr33_54.wav,46069,
1038,TRAIN16k/spkr27_38.wav,46069,
1039,TRAIN16k/spkr89_61.wav,46069,
1040,TRAIN16k/spkr31_7.wav,46069,
1041,TRAIN16k/spkr89_71.wav,46069,
1042,TRAIN16k/spkr29_59.wav,46069,
1043,TRAIN16k/spkr89_66.wav,46069,
1044,TRAIN16k/spkr29_4.wav,46069,
1045,TRAIN16k/spkr29_75.wav,46069,
1046,TRAIN16k/spkr15_31.wav,46069,
1047,TRAIN16k/spkr29_40.wav,46069,
1048,TRAIN16k/spkr45_37.wav,46069,
1049,TRAIN16k/spkr57_8.wav,46069,
1050,TRAIN16k/spkr33_28.wav,46069,
1051,TRAIN16k/spkr42_5.wav,46069,
1052,TRAIN16k/spkr89_26.wav,46069,
1053,TRAIN16k/spkr30_61.wav,46069,
1054,TRAIN16k/spkr46_64.wav,46069,
1055,TRAIN16k/spkr57_14.wav,46069,
1056,TRAIN16k/spkr33_61.wav,46069,
1057,TRAIN16k/spkr45_64.wav,46069,
1058,TRAIN16k/spkr50_19.wav,46069,
1059,TRAIN16k/spkr34_46.wav,46069,
1060,TRAIN16k/spkr89_40.wav,46069,
1061,TRAIN16k/spkr35_22.wav,46069,
1062,TRAIN16k/spkr33_56.wav,46069,
1063,TRAIN16k/spkr109_2.wav,46069,
1064,TRAIN16k/spkr42_2.wav,46069,
1065,TRAIN16k/spkr29_8.wav,46069,
1066,TRAIN16k/spkr33_6.wav,46069,
1067,TRAIN16k/spkr15_42.wav,46069,
1068,TRAIN16k/spkr50_23.wav,46069,
1069,TRAIN16k/spkr46_28.wav,46069,
1070,TRAIN16k/spkr31_22.wav,46069,
1071,TRAIN16k/spkr32_35.wav,46069,
1072,TRAIN16k/spkr46_15.wav,46069,
1073,TRAIN16k/spkr32_15.wav,46069,
1074,TRAIN16k/spkr45_29.wav,46069,
1075,TRAIN16k/spkr46_57.wav,46069,
1076,TRAIN16k/spkr55_2.wav,46069,
1077,TRAIN16k/spkr46_52.wav,46069,
1078,TRAIN16k/spkr15_60.wav,46069,
1079,TRAIN16k/spkr45_23.wav,46069,
1080,TRAIN16k/spkr45_57.wav,46069,
1081,TRAIN16k/spkr57_20.wav,46069,
1082,TRAIN16k/spkr33_59.wav,46069,
1083,TRAIN16k/spkr46_1.wav,46069,
1084,TRAIN16k/spkr57_60.wav,46069,
1085,TRAIN16k/spkr42_10.wav,46069,
1086,TRAIN16k/spkr57_42.wav,46069,
1087,TRAIN16k/spkr32_5.wav,46069,
1088,TRAIN16k/spkr15_70.wav,46069,
1089,TRAIN16k/spkr109_57.wav,46069,
1090,TRAIN16k/spkr27_11.wav,46069,
1091,TRAIN16k/spkr27_7.wav,46069,
1092,TRAIN16k/spkr57_24.wav,46069,
1093,TRAIN16k/spkr27_69.wav,46069,
1094,TRAIN16k/spkr31_58.wav,46069,
1095,TRAIN16k/spkr42_62.wav,46069,
1096,TRAIN16k/spkr30_23.wav,46069,
1097,TRAIN16k/spkr15_33.wav,46069,
1098,TRAIN16k/spkr42_13.wav,46069,
1099,TRAIN16k/spkr22_40.wav,45056,
1100,TRAIN16k/spkr25_51.wav,45056,
1101,TRAIN16k/spkr22_1.wav,45056,
1102,TRAIN16k/spkr22_72.wav,45056,
1103,TRAIN16k/spkr22_26.wav,45056,
1104,TRAIN16k/spkr52_28.wav,45056,
1105,TRAIN16k/spkr17_14.wav,45056,
1106,TRAIN16k/spkr65_37.wav,45056,
1107,TRAIN16k/spkr110_30.wav,45056,
1108,TRAIN16k/spkr64_71.wav,45056,
1109,TRAIN16k/spkr17_13.wav,45056,
1110,TRAIN16k/spkr112_8.wav,45056,
1111,TRAIN16k/spkr22_8.wav,45056,
1112,TRAIN16k/spkr22_23.wav,45056,
1113,TRAIN16k/spkr25_55.wav,45056,
1114,TRAIN16k/spkr65_56.wav,45056,
1115,TRAIN16k/spkr110_35.wav,45056,
1116,TRAIN16k/spkr114_45.wav,45056,
1117,TRAIN16k/spkr110_44.wav,45056,
1118,TRAIN16k/spkr25_60.wav,45056,
1119,TRAIN16k/spkr64_58.wav,45056,
1120,TRAIN16k/spkr22_67.wav,45056,
1121,TRAIN16k/spkr25_6.wav,45056,
1122,TRAIN16k/spkr22_57.wav,45056,
1123,TRAIN16k/spkr64_21.wav,45056,
1124,TRAIN16k/spkr110_11.wav,45056,
1125,TRAIN16k/spkr17_30.wav,45056,
1126,TRAIN16k/spkr25_72.wav,45056,
1127,TRAIN16k/spkr25_30.wav,45056,
1128,TRAIN16k/spkr110_6.wav,45056,
1129,TRAIN16k/spkr27_64.wav,44582,
1130,TRAIN16k/spkr45_13.wav,44582,
1131,TRAIN16k/spkr42_7.wav,44582,
1132,TRAIN16k/spkr31_72.wav,44582,
1133,TRAIN16k/spkr45_53.wav,44582,
1134,TRAIN16k/spkr33_70.wav,44582,
1135,TRAIN16k/spkr32_13.wav,44582,
1136,TRAIN16k/spkr109_69.wav,44582,
1137,TRAIN16k/spkr34_31.wav,44582,
1138,TRAIN16k/spkr29_38.wav,44582,
1139,TRAIN16k/spkr89_13.wav,44582,
1140,TRAIN16k/spkr57_53.wav,44582,
1141,TRAIN16k/spkr33_62.wav,44582,
1142,TRAIN16k/spkr30_31.wav,44582,
1143,TRAIN16k/spkr32_11.wav,44582,
1144,TRAIN16k/spkr29_23.wav,44582,
1145,TRAIN16k/spkr45_51.wav,44582,
1146,TRAIN16k/spkr109_52.wav,44582,
1147,TRAIN16k/spkr45_43.wav,44582,
1148,TRAIN16k/spkr15_36.wav,44582,
1149,TRAIN16k/spkr27_60.wav,44582,
1150,TRAIN16k/spkr46_59.wav,44582,
1151,TRAIN16k/spkr46_66.wav,44582,
1152,TRAIN16k/spkr109_37.wav,44582,
1153,TRAIN16k/spkr15_53.wav,44582,
1154,TRAIN16k/spkr31_26.wav,44582,
1155,TRAIN16k/spkr89_8.wav,44582,
1156,TRAIN16k/spkr57_4.wav,44582,
1157,TRAIN16k/spkr45_22.wav,44582,
1158,TRAIN16k/spkr29_67.wav,44582,
1159,TRAIN16k/spkr32_31.wav,44582,
1160,TRAIN16k/spkr109_9.wav,44582,
1161,TRAIN16k/spkr109_59.wav,44582,
1162,TRAIN16k/spkr109_67.wav,44582,
1163,TRAIN16k/spkr15_38.wav,44582,
1164,TRAIN16k/spkr57_46.wav,44582,
1165,TRAIN16k/spkr35_2.wav,44582,
1166,TRAIN16k/spkr35_71.wav,44582,
1167,TRAIN16k/spkr57_44.wav,44582,
1168,TRAIN16k/spkr50_71.wav,44582,
1169,TRAIN16k/spkr15_7.wav,44582,
1170,TRAIN16k/spkr57_64.wav,44582,
1171,TRAIN16k/spkr30_44.wav,44582,
1172,TRAIN16k/spkr55_45.wav,44582,
1173,TRAIN16k/spkr89_58.wav,44582,
1174,TRAIN16k/spkr35_37.wav,44582,
1175,TRAIN16k/spkr89_57.wav,44582,
1176,TRAIN16k/spkr89_74.wav,44582,
1177,TRAIN16k/spkr30_42.wav,44582,
1178,TRAIN16k/spkr33_5.wav,44582,
1179,TRAIN16k/spkr42_26.wav,44582,
1180,TRAIN16k/spkr30_15.wav,44582,
1181,TRAIN16k/spkr29_12.wav,44582,
1182,TRAIN16k/spkr35_20.wav,44582,
1183,TRAIN16k/spkr33_7.wav,44582,
1184,TRAIN16k/spkr15_14.wav,44582,
1185,TRAIN16k/spkr15_59.wav,44582,
1186,TRAIN16k/spkr31_54.wav,44582,
1187,TRAIN16k/spkr32_4.wav,44582,
1188,TRAIN16k/spkr89_10.wav,44582,
1189,TRAIN16k/spkr45_30.wav,44582,
1190,TRAIN16k/spkr50_20.wav,44582,
1191,TRAIN16k/spkr30_22.wav,44582,
1192,TRAIN16k/spkr109_60.wav,44582,
1193,TRAIN16k/spkr46_5.wav,44582,
1194,TRAIN16k/spkr55_44.wav,44582,
1195,TRAIN16k/spkr27_28.wav,44582,
1196,TRAIN16k/spkr15_5.wav,44582,
1197,TRAIN16k/spkr31_38.wav,44582,
1198,TRAIN16k/spkr33_74.wav,44582,
1199,TRAIN16k/spkr55_35.wav,44582,
1200,TRAIN16k/spkr45_71.wav,44582,
1201,TRAIN16k/spkr34_58.wav,44582,
1202,TRAIN16k/spkr27_40.wav,44582,
1203,TRAIN16k/spkr31_65.wav,44582,
1204,TRAIN16k/spkr110_43.wav,43691,
1205,TRAIN16k/spkr110_24.wav,43691,
1206,TRAIN16k/spkr22_35.wav,43691,
1207,TRAIN16k/spkr112_1.wav,43691,
1208,TRAIN16k/spkr110_5.wav,43691,
1209,TRAIN16k/spkr22_14.wav,43691,
1210,TRAIN16k/spkr65_65.wav,43691,
1211,TRAIN16k/spkr22_59.wav,43691,
1212,TRAIN16k/spkr110_45.wav,43691,
1213,TRAIN16k/spkr65_33.wav,43691,
1214,TRAIN16k/spkr65_68.wav,43691,
1215,TRAIN16k/spkr17_11.wav,43691,
1216,TRAIN16k/spkr17_28.wav,43691,
1217,TRAIN16k/spkr25_9.wav,43691,
1218,TRAIN16k/spkr65_71.wav,43691,
1219,TRAIN16k/spkr25_10.wav,43691,
1220,TRAIN16k/spkr64_44.wav,43691,
1221,TRAIN16k/spkr22_24.wav,43691,
1222,TRAIN16k/spkr22_28.wav,43691,
1223,TRAIN16k/spkr17_54.wav,43691,
1224,TRAIN16k/spkr22_70.wav,43691,
1225,TRAIN16k/spkr64_18.wav,43691,
1226,TRAIN16k/spkr65_36.wav,43691,
1227,TRAIN16k/spkr22_44.wav,43691,
1228,TRAIN16k/spkr17_12.wav,43691,
1229,TRAIN16k/spkr110_29.wav,43691,
1230,TRAIN16k/spkr45_42.wav,43096,
1231,TRAIN16k/spkr30_7.wav,43096,
1232,TRAIN16k/spkr35_12.wav,43096,
1233,TRAIN16k/spkr109_42.wav,43096,
1234,TRAIN16k/spkr34_12.wav,43096,
1235,TRAIN16k/spkr89_54.wav,43096,
1236,TRAIN16k/spkr32_14.wav,43096,
1237,TRAIN16k/spkr35_30.wav,43096,
1238,TRAIN16k/spkr89_43.wav,43096,
1239,TRAIN16k/spkr32_24.wav,43096,
1240,TRAIN16k/spkr57_7.wav,43096,
1241,TRAIN16k/spkr33_51.wav,43096,
1242,TRAIN16k/spkr27_52.wav,43096,
1243,TRAIN16k/spkr45_70.wav,43096,
1244,TRAIN16k/spkr31_69.wav,43096,
1245,TRAIN16k/spkr15_40.wav,43096,
1246,TRAIN16k/spkr57_70.wav,43096,
1247,TRAIN16k/spkr45_66.wav,43096,
1248,TRAIN16k/spkr55_24.wav,43096,
1249,TRAIN16k/spkr33_68.wav,43096,
1250,TRAIN16k/spkr32_53.wav,43096,
1251,TRAIN16k/spkr109_56.wav,43096,
1252,TRAIN16k/spkr31_28.wav,43096,
1253,TRAIN16k/spkr46_68.wav,43096,
1254,TRAIN16k/spkr27_15.wav,43096,
1255,TRAIN16k/spkr89_56.wav,43096,
1256,TRAIN16k/spkr46_74.wav,43096,
1257,TRAIN16k/spkr57_11.wav,43096,
1258,TRAIN16k/spkr31_64.wav,43096,
1259,TRAIN16k/spkr45_1.wav,43096,
1260,TRAIN16k/spkr50_38.wav,43096,
1261,TRAIN16k/spkr30_71.wav,43096,
1262,TRAIN16k/spkr89_55.wav,43096,
1263,TRAIN16k/spkr15_52.wav,43096,
1264,TRAIN16k/spkr15_24.wav,43096,
1265,TRAIN16k/spkr31_70.wav,43096,
1266,TRAIN16k/spkr35_26.wav,43096,
1267,TRAIN16k/spkr55_51.wav,43096,
1268,TRAIN16k/spkr27_55.wav,43096,
1269,TRAIN16k/spkr34_36.wav,43096,
1270,TRAIN16k/spkr109_1.wav,43096,
1271,TRAIN16k/spkr89_24.wav,43096,
1272,TRAIN16k/spkr55_54.wav,43096,
1273,TRAIN16k/spkr109_44.wav,43096,
1274,TRAIN16k/spkr33_66.wav,43096,
1275,TRAIN16k/spkr42_24.wav,43096,
1276,TRAIN16k/spkr27_36.wav,43096,
1277,TRAIN16k/spkr109_23.wav,43096,
1278,TRAIN16k/spkr32_54.wav,43096,
1279,TRAIN16k/spkr30_28.wav,43096,
1280,TRAIN16k/spkr15_66.wav,43096,
1281,TRAIN16k/spkr50_15.wav,43096,
1282,TRAIN16k/spkr27_42.wav,43096,
1283,TRAIN16k/spkr29_72.wav,43096,
1284,TRAIN16k/spkr109_54.wav,43096,
1285,TRAIN16k/spkr35_55.wav,43096,
1286,TRAIN16k/spkr29_63.wav,43096,
1287,TRAIN16k/spkr42_40.wav,43096,
1288,TRAIN16k/spkr29_70.wav,43096,
1289,TRAIN16k/spkr29_68.wav,43096,
1290,TRAIN16k/spkr32_33.wav,43096,
1291,TRAIN16k/spkr27_67.wav,43096,
1292,TRAIN16k/spkr89_6.wav,43096,
1293,TRAIN16k/spkr46_51.wav,43096,
1294,TRAIN16k/spkr15_61.wav,43096,
1295,TRAIN16k/spkr30_33.wav,43096,
1296,TRAIN16k/spkr52_62.wav,42325,
1297,TRAIN16k/spkr25_62.wav,42325,
1298,TRAIN16k/spkr17_60.wav,42325,
1299,TRAIN16k/spkr110_1.wav,42325,
1300,TRAIN16k/spkr65_72.wav,42325,
1301,TRAIN16k/spkr25_37.wav,42325,
1302,TRAIN16k/spkr110_51.wav,42325,
1303,TRAIN16k/spkr64_22.wav,42325,
1304,TRAIN16k/spkr110_42.wav,42325,
1305,TRAIN16k/spkr110_64.wav,42325,
1306,TRAIN16k/spkr110_26.wav,42325,
1307,TRAIN16k/spkr25_1.wav,42325,
1308,TRAIN16k/spkr17_10.wav,42325,
1309,TRAIN16k/spkr110_38.wav,42325,
1310,TRAIN16k/spkr110_72.wav,42325,
1311,TRAIN16k/spkr64_34.wav,42325,
1312,TRAIN16k/spkr64_38.wav,42325,
1313,TRAIN16k/spkr22_68.wav,42325,
1314,TRAIN16k/spkr64_13.wav,42325,
1315,TRAIN16k/spkr25_69.wav,42325,
1316,TRAIN16k/spkr65_30.wav,42325,
1317,TRAIN16k/spkr22_66.wav,42325,
1318,TRAIN16k/spkr22_42.wav,42325,
1319,TRAIN16k/spkr110_59.wav,42325,
1320,TRAIN16k/spkr25_8.wav,42325,
1321,TRAIN16k/spkr112_70.wav,42325,
1322,TRAIN16k/spkr17_74.wav,42325,
1323,TRAIN16k/spkr22_51.wav,42325,
1324,TRAIN16k/spkr17_59.wav,42325,
1325,TRAIN16k/spkr110_66.wav,42325,
1326,TRAIN16k/spkr112_52.wav,42325,
1327,TRAIN16k/spkr34_37.wav,41610,
1328,TRAIN16k/spkr31_53.wav,41610,
1329,TRAIN16k/spkr34_55.wav,41610,
1330,TRAIN16k/spkr30_69.wav,41610,
1331,TRAIN16k/spkr34_20.wav,41610,
1332,TRAIN16k/spkr29_46.wav,41610,
1333,TRAIN16k/spkr31_55.wav,41610,
1334,TRAIN16k/spkr45_59.wav,41610,
1335,TRAIN16k/spkr27_8.wav,41610,
1336,TRAIN16k/spkr45_40.wav,41610,
1337,TRAIN16k/spkr34_60.wav,41610,
1338,TRAIN16k/spkr35_46.wav,41610,
1339,TRAIN16k/spkr15_1.wav,41610,
1340,TRAIN16k/spkr30_65.wav,41610,
1341,TRAIN16k/spkr33_75.wav,41610,
1342,TRAIN16k/spkr27_26.wav,41610,
1343,TRAIN16k/spkr34_57.wav,41610,
1344,TRAIN16k/spkr31_37.wav,41610,
1345,TRAIN16k/spkr29_57.wav,41610,
1346,TRAIN16k/spkr30_72.wav,41610,
1347,TRAIN16k/spkr89_14.wav,41610,
1348,TRAIN16k/spkr57_40.wav,41610,
1349,TRAIN16k/spkr50_58.wav,41610,
1350,TRAIN16k/spkr57_63.wav,41610,
1351,TRAIN16k/spkr31_43.wav,41610,
1352,TRAIN16k/spkr42_29.wav,41610,
1353,TRAIN16k/spkr57_52.wav,41610,
1354,TRAIN16k/spkr57_69.wav,41610,
1355,TRAIN16k/spkr31_67.wav,41610,
1356,TRAIN16k/spkr32_26.wav,41610,
1357,TRAIN16k/spkr32_12.wav,41610,
1358,TRAIN16k/spkr57_65.wav,41610,
1359,TRAIN16k/spkr34_53.wav,41610,
1360,TRAIN16k/spkr34_65.wav,41610,
1361,TRAIN16k/spkr34_26.wav,41610,
1362,TRAIN16k/spkr42_51.wav,41610,
1363,TRAIN16k/spkr42_56.wav,41610,
1364,TRAIN16k/spkr42_74.wav,41610,
1365,TRAIN16k/spkr30_38.wav,41610,
1366,TRAIN16k/spkr27_57.wav,41610,
1367,TRAIN16k/spkr31_44.wav,41610,
1368,TRAIN16k/spkr29_30.wav,41610,
1369,TRAIN16k/spkr31_75.wav,41610,
1370,TRAIN16k/spkr55_5.wav,41610,
1371,TRAIN16k/spkr31_9.wav,41610,
1372,TRAIN16k/spkr57_43.wav,41610,
1373,TRAIN16k/spkr30_11.wav,41610,
1374,TRAIN16k/spkr29_7.wav,41610,
1375,TRAIN16k/spkr57_29.wav,41610,
1376,TRAIN16k/spkr33_29.wav,41610,
1377,TRAIN16k/spkr15_75.wav,41610,
1378,TRAIN16k/spkr46_54.wav,41610,
1379,TRAIN16k/spkr15_55.wav,41610,
1380,TRAIN16k/spkr35_31.wav,41610,
1381,TRAIN16k/spkr31_6.wav,41610,
1382,TRAIN16k/spkr35_15.wav,41610,
1383,TRAIN16k/spkr109_51.wav,41610,
1384,TRAIN16k/spkr89_42.wav,41610,
1385,TRAIN16k/spkr46_38.wav,41610,
1386,TRAIN16k/spkr27_35.wav,41610,
1387,TRAIN16k/spkr32_60.wav,41610,
1388,TRAIN16k/spkr45_14.wav,41610,
1389,TRAIN16k/spkr50_52.wav,41610,
1390,TRAIN16k/spkr22_5.wav,40960,
1391,TRAIN16k/spkr52_59.wav,40960,
1392,TRAIN16k/spkr110_4.wav,40960,
1393,TRAIN16k/spkr65_45.wav,40960,
1394,TRAIN16k/spkr25_35.wav,40960,
1395,TRAIN16k/spkr112_62.wav,40960,
1396,TRAIN16k/spkr56_42.wav,40960,
1397,TRAIN16k/spkr25_56.wav,40960,
1398,TRAIN16k/spkr22_38.wav,40960,
1399,TRAIN16k/spkr56_75.wav,40960,
1400,TRAIN16k/spkr25_44.wav,40960,
1401,TRAIN16k/spkr17_38.wav,40960,
1402,TRAIN16k/spkr64_72.wav,40960,
1403,TRAIN16k/spkr25_26.wav,40960,
1404,TRAIN16k/spkr112_63.wav,40960,
1405,TRAIN16k/spkr17_5.wav,40960,
1406,TRAIN16k/spkr22_10.wav,40960,
1407,TRAIN16k/spkr110_28.wav,40960,
1408,TRAIN16k/spkr22_9.wav,40960,
1409,TRAIN16k/spkr52_45.wav,40960,
1410,TRAIN16k/spkr17_24.wav,40960,
1411,TRAIN16k/spkr64_5.wav,40960,
1412,TRAIN16k/spkr64_31.wav,40960,
1413,TRAIN16k/spkr112_73.wav,40960,
1414,TRAIN16k/spkr110_40.wav,40960,
1415,TRAIN16k/spkr25_29.wav,40960,
1416,TRAIN16k/spkr109_63.wav,40124,
1417,TRAIN16k/spkr31_8.wav,40124,
1418,TRAIN16k/spkr31_66.wav,40124,
1419,TRAIN16k/spkr30_30.wav,40124,
1420,TRAIN16k/spkr27_74.wav,40124,
1421,TRAIN16k/spkr29_52.wav,40124,
1422,TRAIN16k/spkr57_23.wav,40124,
1423,TRAIN16k/spkr30_14.wav,40124,
1424,TRAIN16k/spkr32_57.wav,40124,
1425,TRAIN16k/spkr50_64.wav,40124,
1426,TRAIN16k/spkr42_52.wav,40124,
1427,TRAIN16k/spkr31_45.wav,40124,
1428,TRAIN16k/spkr42_45.wav,40124,
1429,TRAIN16k/spkr35_72.wav,40124,
1430,TRAIN16k/spkr42_28.wav,40124,
1431,TRAIN16k/spkr15_30.wav,40124,
1432,TRAIN16k/spkr31_24.wav,40124,
1433,TRAIN16k/spkr15_23.wav,40124,
1434,TRAIN16k/spkr27_20.wav,40124,
1435,TRAIN16k/spkr57_26.wav,40124,
1436,TRAIN16k/spkr29_74.wav,40124,
1437,TRAIN16k/spkr34_1.wav,40124,
1438,TRAIN16k/spkr30_36.wav,40124,
1439,TRAIN16k/spkr42_70.wav,40124,
1440,TRAIN16k/spkr45_38.wav,40124,
1441,TRAIN16k/spkr46_75.wav,40124,
1442,TRAIN16k/spkr35_28.wav,40124,
1443,TRAIN16k/spkr55_40.wav,40124,
1444,TRAIN16k/spkr35_7.wav,40124,
1445,TRAIN16k/spkr29_42.wav,40124,
1446,TRAIN16k/spkr30_60.wav,40124,
1447,TRAIN16k/spkr45_6.wav,40124,
1448,TRAIN16k/spkr50_31.wav,40124,
1449,TRAIN16k/spkr57_28.wav,40124,
1450,TRAIN16k/spkr42_14.wav,40124,
1451,TRAIN16k/spkr32_68.wav,40124,
1452,TRAIN16k/spkr55_56.wav,40124,
1453,TRAIN16k/spkr30_64.wav,40124,
1454,TRAIN16k/spkr31_15.wav,40124,
1455,TRAIN16k/spkr15_68.wav,40124,
1456,TRAIN16k/spkr34_72.wav,40124,
1457,TRAIN16k/spkr45_35.wav,40124,
1458,TRAIN16k/spkr30_70.wav,40124,
1459,TRAIN16k/spkr45_69.wav,40124,
1460,TRAIN16k/spkr31_4.wav,40124,
1461,TRAIN16k/spkr31_23.wav,40124,
1462,TRAIN16k/spkr50_18.wav,40124,
1463,TRAIN16k/spkr45_26.wav,40124,
1464,TRAIN16k/spkr34_30.wav,40124,
1465,TRAIN16k/spkr32_38.wav,40124,
1466,TRAIN16k/spkr33_72.wav,40124,
1467,TRAIN16k/spkr32_55.wav,40124,
1468,TRAIN16k/spkr32_6.wav,40124,
1469,TRAIN16k/spkr34_64.wav,40124,
1470,TRAIN16k/spkr29_73.wav,40124,
1471,TRAIN16k/spkr34_10.wav,40124,
1472,TRAIN16k/spkr31_35.wav,40124,
1473,TRAIN16k/spkr35_24.wav,40124,
1474,TRAIN16k/spkr52_43.wav,39595,
1475,TRAIN16k/spkr52_68.wav,39595,
1476,TRAIN16k/spkr65_61.wav,39595,
1477,TRAIN16k/spkr112_54.wav,39595,
1478,TRAIN16k/spkr64_23.wav,39595,
1479,TRAIN16k/spkr65_29.wav,39595,
1480,TRAIN16k/spkr110_55.wav,39595,
1481,TRAIN16k/spkr17_55.wav,39595,
1482,TRAIN16k/spkr52_40.wav,39595,
1483,TRAIN16k/spkr25_13.wav,39595,
1484,TRAIN16k/spkr22_74.wav,39595,
1485,TRAIN16k/spkr65_57.wav,39595,
1486,TRAIN16k/spkr52_57.wav,39595,
1487,TRAIN16k/spkr65_23.wav,39595,
1488,TRAIN16k/spkr17_66.wav,39595,
1489,TRAIN16k/spkr25_43.wav,39595,
1490,TRAIN16k/spkr17_43.wav,39595,
1491,TRAIN16k/spkr64_12.wav,39595,
1492,TRAIN16k/spkr42_9.wav,38638,
1493,TRAIN16k/spkr89_45.wav,38638,
1494,TRAIN16k/spkr32_40.wav,38638,
1495,TRAIN16k/spkr57_54.wav,38638,
1496,TRAIN16k/spkr42_44.wav,38638,
1497,TRAIN16k/spkr46_62.wav,38638,
1498,TRAIN16k/spkr27_68.wav,38638,
1499,TRAIN16k/spkr29_55.wav,38638,
1500,TRAIN16k/spkr27_4.wav,38638,
1501,TRAIN16k/spkr50_61.wav,38638,
1502,TRAIN16k/spkr45_75.wav,38638,
1503,TRAIN16k/spkr35_64.wav,38638,
1504,TRAIN16k/spkr55_38.wav,38638,
1505,TRAIN16k/spkr50_30.wav,38638,
1506,TRAIN16k/spkr34_38.wav,38638,
1507,TRAIN16k/spkr29_66.wav,38638,
1508,TRAIN16k/spkr32_8.wav,38638,
1509,TRAIN16k/spkr27_9.wav,38638,
1510,TRAIN16k/spkr27_56.wav,38638,
1511,TRAIN16k/spkr57_73.wav,38638,
1512,TRAIN16k/spkr30_35.wav,38638,
1513,TRAIN16k/spkr57_51.wav,38638,
1514,TRAIN16k/spkr32_10.wav,38638,
1515,TRAIN16k/spkr34_4.wav,38638,
1516,TRAIN16k/spkr50_9.wav,38638,
1517,TRAIN16k/spkr46_73.wav,38638,
1518,TRAIN16k/spkr35_67.wav,38638,
1519,TRAIN16k/spkr32_23.wav,38638,
1520,TRAIN16k/spkr34_69.wav,38638,
1521,TRAIN16k/spkr109_72.wav,38638,
1522,TRAIN16k/spkr15_4.wav,38638,
1523,TRAIN16k/spkr89_68.wav,38638,
1524,TRAIN16k/spkr15_37.wav,38638,
1525,TRAIN16k/spkr34_61.wav,38638,
1526,TRAIN16k/spkr42_54.wav,38638,
1527,TRAIN16k/spkr35_4.wav,38638,
1528,TRAIN16k/spkr55_62.wav,38638,
1529,TRAIN16k/spkr50_28.wav,38638,
1530,TRAIN16k/spkr30_51.wav,38638,
1531,TRAIN16k/spkr34_7.wav,38638,
1532,TRAIN16k/spkr32_30.wav,38638,
1533,TRAIN16k/spkr89_5.wav,38638,
1534,TRAIN16k/spkr31_57.wav,38638,
1535,TRAIN16k/spkr15_18.wav,38638,
1536,TRAIN16k/spkr15_44.wav,38638,
1537,TRAIN16k/spkr31_74.wav,38638,
1538,TRAIN16k/spkr45_11.wav,38638,
1539,TRAIN16k/spkr31_40.wav,38638,
1540,TRAIN16k/spkr89_63.wav,38638,
1541,TRAIN16k/spkr42_59.wav,38638,
1542,TRAIN16k/spkr109_8.wav,38638,
1543,TRAIN16k/spkr30_52.wav,38638,
1544,TRAIN16k/spkr35_8.wav,38638,
1545,TRAIN16k/spkr30_26.wav,38638,
1546,TRAIN16k/spkr32_52.wav,38638,
1547,TRAIN16k/spkr34_28.wav,38638,
1548,TRAIN16k/spkr57_45.wav,38638,
1549,TRAIN16k/spkr34_15.wav,38638,
1550,TRAIN16k/spkr35_70.wav,38638,
1551,TRAIN16k/spkr31_1.wav,38638,
1552,TRAIN16k/spkr45_9.wav,38638,
1553,TRAIN16k/spkr34_23.wav,38638,
1554,TRAIN16k/spkr45_4.wav,38638,
1555,TRAIN16k/spkr31_2.wav,38638,
1556,TRAIN16k/spkr109_5.wav,38638,
1557,TRAIN16k/spkr15_26.wav,38638,
1558,TRAIN16k/spkr89_29.wav,38638,
1559,TRAIN16k/spkr50_72.wav,38638,
1560,TRAIN16k/spkr31_42.wav,38638,
1561,TRAIN16k/spkr57_37.wav,38638,
1562,TRAIN16k/spkr46_6.wav,38638,
1563,TRAIN16k/spkr42_37.wav,38638,
1564,TRAIN16k/spkr65_43.wav,38229,
1565,TRAIN16k/spkr64_55.wav,38229,
1566,TRAIN16k/spkr56_73.wav,38229,
1567,TRAIN16k/spkr64_7.wav,38229,
1568,TRAIN16k/spkr22_29.wav,38229,
1569,TRAIN16k/spkr65_10.wav,38229,
1570,TRAIN16k/spkr65_1.wav,38229,
1571,TRAIN16k/spkr64_36.wav,38229,
1572,TRAIN16k/spkr65_40.wav,38229,
1573,TRAIN16k/spkr110_74.wav,38229,
1574,TRAIN16k/spkr22_75.wav,38229,
1575,TRAIN16k/spkr22_45.wav,38229,
1576,TRAIN16k/spkr64_75.wav,38229,
1577,TRAIN16k/spkr17_26.wav,38229,
1578,TRAIN16k/spkr17_6.wav,38229,
1579,TRAIN16k/spkr65_54.wav,38229,
1580,TRAIN16k/spkr64_37.wav,38229,
1581,TRAIN16k/spkr65_8.wav,38229,
1582,TRAIN16k/spkr65_74.wav,38229,
1583,TRAIN16k/spkr56_62.wav,38229,
1584,TRAIN16k/spkr22_6.wav,38229,
1585,TRAIN16k/spkr65_42.wav,38229,
1586,TRAIN16k/spkr110_56.wav,38229,
1587,TRAIN16k/spkr64_69.wav,38229,
1588,TRAIN16k/spkr32_64.wav,37152,
1589,TRAIN16k/spkr27_10.wav,37152,
1590,TRAIN16k/spkr31_5.wav,37152,
1591,TRAIN16k/spkr57_59.wav,37152,
1592,TRAIN16k/spkr29_37.wav,37152,
1593,TRAIN16k/spkr50_14.wav,37152,
1594,TRAIN16k/spkr57_57.wav,37152,
1595,TRAIN16k/spkr32_66.wav,37152,
1596,TRAIN16k/spkr30_10.wav,37152,
1597,TRAIN16k/spkr50_37.wav,37152,
1598,TRAIN16k/spkr32_7.wav,37152,
1599,TRAIN16k/spkr15_57.wav,37152,
1600,TRAIN16k/spkr57_66.wav,37152,
1601,TRAIN16k/spkr57_38.wav,37152,
1602,TRAIN16k/spkr109_45.wav,37152,
1603,TRAIN16k/spkr34_51.wav,37152,
1604,TRAIN16k/spkr109_14.wav,37152,
1605,TRAIN16k/spkr30_12.wav,37152,
1606,TRAIN16k/spkr15_56.wav,37152,
1607,TRAIN16k/spkr15_74.wav,37152,
1608,TRAIN16k/spkr31_13.wav,37152,
1609,TRAIN16k/spkr57_72.wav,37152,
1610,TRAIN16k/spkr35_65.wav,37152,
1611,TRAIN16k/spkr32_9.wav,37152,
1612,TRAIN16k/spkr31_52.wav,37152,
1613,TRAIN16k/spkr15_54.wav,37152,
1614,TRAIN16k/spkr30_37.wav,37152,
1615,TRAIN16k/spkr57_75.wav,37152,
1616,TRAIN16k/spkr57_2.wav,37152,
1617,TRAIN16k/spkr32_71.wav,37152,
1618,TRAIN16k/spkr31_68.wav,37152,
1619,TRAIN16k/spkr34_66.wav,37152,
1620,TRAIN16k/spkr35_9.wav,37152,
1621,TRAIN16k/spkr30_53.wav,37152,
1622,TRAIN16k/spkr57_9.wav,37152,
1623,TRAIN16k/spkr32_65.wav,37152,
1624,TRAIN16k/spkr15_6.wav,37152,
1625,TRAIN16k/spkr50_46.wav,37152,
1626,TRAIN16k/spkr45_67.wav,37152,
1627,TRAIN16k/spkr30_29.wav,37152,
1628,TRAIN16k/spkr27_51.wav,37152,
1629,TRAIN16k/spkr27_45.wav,37152,
1630,TRAIN16k/spkr45_45.wav,37152,
1631,TRAIN16k/spkr27_29.wav,37152,
1632,TRAIN16k/spkr50_55.wav,37152,
1633,TRAIN16k/spkr15_51.wav,37152,
1634,TRAIN16k/spkr30_67.wav,37152,
1635,TRAIN16k/spkr35_10.wav,37152,
1636,TRAIN16k/spkr34_75.wav,37152,
1637,TRAIN16k/spkr32_20.wav,37152,
1638,TRAIN16k/spkr42_11.wav,37152,
1639,TRAIN16k/spkr65_6.wav,36864,
1640,TRAIN16k/spkr65_59.wav,36864,
1641,TRAIN16k/spkr25_28.wav,36864,
1642,TRAIN16k/spkr64_70.wav,36864,
1643,TRAIN16k/spkr56_56.wav,36864,
1644,TRAIN16k/spkr64_24.wav,36864,
1645,TRAIN16k/spkr25_74.wav,36864,
1646,TRAIN16k/spkr64_4.wav,36864,
1647,TRAIN16k/spkr17_40.wav,36864,
1648,TRAIN16k/spkr110_73.wav,36864,
1649,TRAIN16k/spkr65_62.wav,36864,
1650,TRAIN16k/spkr52_6.wav,36864,
1651,TRAIN16k/spkr110_8.wav,36864,
1652,TRAIN16k/spkr52_63.wav,36864,
1653,TRAIN16k/spkr22_54.wav,36864,
1654,TRAIN16k/spkr17_73.wav,36864,
1655,TRAIN16k/spkr64_43.wav,36864,
1656,TRAIN16k/spkr64_68.wav,36864,
1657,TRAIN16k/spkr65_38.wav,36864,
1658,TRAIN16k/spkr52_73.wav,36864,
1659,TRAIN16k/spkr64_64.wav,36864,
1660,TRAIN16k/spkr35_34.wav,35666,
1661,TRAIN16k/spkr50_13.wav,35666,
1662,TRAIN16k/spkr34_11.wav,35666,
1663,TRAIN16k/spkr27_63.wav,35666,
1664,TRAIN16k/spkr109_73.wav,35666,
1665,TRAIN16k/spkr30_75.wav,35666,
1666,TRAIN16k/spkr32_67.wav,35666,
1667,TRAIN16k/spkr35_56.wav,35666,
1668,TRAIN16k/spkr42_42.wav,35666,
1669,TRAIN16k/spkr30_5.wav,35666,
1670,TRAIN16k/spkr50_66.wav,35666,
1671,TRAIN16k/spkr45_5.wav,35666,
1672,TRAIN16k/spkr27_72.wav,35666,
1673,TRAIN16k/spkr27_43.wav,35666,
1674,TRAIN16k/spkr32_75.wav,35666,
1675,TRAIN16k/spkr34_42.wav,35666,
1676,TRAIN16k/spkr50_65.wav,35666,
1677,TRAIN16k/spkr50_40.wav,35666,
1678,TRAIN16k/spkr35_69.wav,35666,
1679,TRAIN16k/spkr57_1.wav,35666,
1680,TRAIN16k/spkr30_13.wav,35666,
1681,TRAIN16k/spkr50_44.wav,35666,
1682,TRAIN16k/spkr50_36.wav,35666,
1683,TRAIN16k/spkr29_6.wav,35666,
1684,TRAIN16k/spkr34_44.wav,35666,
1685,TRAIN16k/spkr35_1.wav,35666,
1686,TRAIN16k/spkr15_43.wav,35666,
1687,TRAIN16k/spkr34_67.wav,35666,
1688,TRAIN16k/spkr34_40.wav,35666,
1689,TRAIN16k/spkr50_57.wav,35666,
1690,TRAIN16k/spkr89_62.wav,35666,
1691,TRAIN16k/spkr27_1.wav,35666,
1692,TRAIN16k/spkr30_24.wav,35666,
1693,TRAIN16k/spkr15_35.wav,35666,
1694,TRAIN16k/spkr50_74.wav,35666,
1695,TRAIN16k/spkr31_51.wav,35666,
1696,TRAIN16k/spkr50_1.wav,35666,
1697,TRAIN16k/spkr50_2.wav,35666,
1698,TRAIN16k/spkr57_5.wav,35666,
1699,TRAIN16k/spkr42_43.wav,35666,
1700,TRAIN16k/spkr35_42.wav,35666,
1701,TRAIN16k/spkr50_11.wav,35666,
1702,TRAIN16k/spkr34_45.wav,35666,
1703,TRAIN16k/spkr34_9.wav,35666,
1704,TRAIN16k/spkr32_28.wav,35666,
1705,TRAIN16k/spkr35_11.wav,35666,
1706,TRAIN16k/spkr32_72.wav,35666,
1707,TRAIN16k/spkr46_45.wav,35666,
1708,TRAIN16k/spkr50_53.wav,35666,
1709,TRAIN16k/spkr50_24.wav,35666,
1710,TRAIN16k/spkr50_42.wav,35666,
1711,TRAIN16k/spkr29_35.wav,35666,
1712,TRAIN16k/spkr45_68.wav,35666,
1713,TRAIN16k/spkr57_67.wav,35666,
1714,TRAIN16k/spkr45_74.wav,35666,
1715,TRAIN16k/spkr34_52.wav,35666,
1716,TRAIN16k/spkr35_38.wav,35666,
1717,TRAIN16k/spkr22_56.wav,35499,
1718,TRAIN16k/spkr110_54.wav,35499,
1719,TRAIN16k/spkr64_30.wav,35499,
1720,TRAIN16k/spkr56_63.wav,35499,
1721,TRAIN16k/spkr65_5.wav,35499,
1722,TRAIN16k/spkr22_62.wav,35499,
1723,TRAIN16k/spkr110_67.wav,35499,
1724,TRAIN16k/spkr56_52.wav,35499,
1725,TRAIN16k/spkr52_56.wav,35499,
1726,TRAIN16k/spkr22_63.wav,35499,
1727,TRAIN16k/spkr65_70.wav,35499,
1728,TRAIN16k/spkr35_57.wav,34180,
1729,TRAIN16k/spkr27_59.wav,34180,
1730,TRAIN16k/spkr31_59.wav,34180,
1731,TRAIN16k/spkr27_54.wav,34180,
1732,TRAIN16k/spkr57_6.wav,34180,
1733,TRAIN16k/spkr34_8.wav,34180,
1734,TRAIN16k/spkr32_61.wav,34180,
1735,TRAIN16k/spkr31_73.wav,34180,
1736,TRAIN16k/spkr50_60.wav,34180,
1737,TRAIN16k/spkr50_67.wav,34180,
1738,TRAIN16k/spkr109_6.wav,34180,
1739,TRAIN16k/spkr35_23.wav,34180,
1740,TRAIN16k/spkr34_43.wav,34180,
1741,TRAIN16k/spkr50_43.wav,34180,
1742,TRAIN16k/spkr31_29.wav,34180,
1743,TRAIN16k/spkr29_45.wav,34180,
1744,TRAIN16k/spkr45_62.wav,34180,
1745,TRAIN16k/spkr35_43.wav,34180,
1746,TRAIN16k/spkr50_75.wav,34180,
1747,TRAIN16k/spkr89_73.wav,34180,
1748,TRAIN16k/spkr30_59.wav,34180,
1749,TRAIN16k/spkr27_73.wav,34180,
1750,TRAIN16k/spkr35_45.wav,34180,
1751,TRAIN16k/spkr45_73.wav,34180,
1752,TRAIN16k/spkr45_54.wav,34180,
1753,TRAIN16k/spkr32_43.wav,34180,
1754,TRAIN16k/spkr34_29.wav,34180,
1755,TRAIN16k/spkr57_56.wav,34180,
1756,TRAIN16k/spkr34_35.wav,34180,
1757,TRAIN16k/spkr30_74.wav,34180,
1758,TRAIN16k/spkr35_60.wav,34180,
1759,TRAIN16k/spkr35_75.wav,34180,
1760,TRAIN16k/spkr32_29.wav,34180,
1761,TRAIN16k/spkr31_56.wav,34180,
1762,TRAIN16k/spkr15_73.wav,34180,
1763,TRAIN16k/spkr25_73.wav,34133,
1764,TRAIN16k/spkr64_11.wav,34133,
1765,TRAIN16k/spkr17_45.wav,34133,
1766,TRAIN16k/spkr112_69.wav,34133,
1767,TRAIN16k/spkr17_1.wav,34133,
1768,TRAIN16k/spkr22_52.wav,34133,
1769,TRAIN16k/spkr64_67.wav,34133,
1770,TRAIN16k/spkr56_6.wav,34133,
1771,TRAIN16k/spkr64_1.wav,34133,
1772,TRAIN16k/spkr64_15.wav,34133,
1773,TRAIN16k/spkr64_61.wav,34133,
1774,TRAIN16k/spkr65_11.wav,34133,
1775,TRAIN16k/spkr25_5.wav,34133,
1776,TRAIN16k/spkr64_52.wav,32768,
1777,TRAIN16k/spkr64_14.wav,32768,
1778,TRAIN16k/spkr56_54.wav,32768,
1779,TRAIN16k/spkr17_70.wav,32768,
1780,TRAIN16k/spkr22_73.wav,32768,
1781,TRAIN16k/spkr64_29.wav,32768,
1782,TRAIN16k/spkr64_53.wav,32768,
1783,TRAIN16k/spkr65_63.wav,32768,
1784,TRAIN16k/spkr64_26.wav,32768,
1785,TRAIN16k/spkr65_66.wav,32768,
1786,TRAIN16k/spkr56_74.wav,32768,
1787,TRAIN16k/spkr64_8.wav,32768,
1788,TRAIN16k/spkr64_40.wav,32768,
1789,TRAIN16k/spkr64_35.wav,32768,
1790,TRAIN16k/spkr35_13.wav,32694,
1791,TRAIN16k/spkr34_73.wav,32694,
1792,TRAIN16k/spkr32_73.wav,32694,
1793,TRAIN16k/spkr109_62.wav,32694,
1794,TRAIN16k/spkr50_35.wav,32694,
1795,TRAIN16k/spkr55_63.wav,32694,
1796,TRAIN16k/spkr34_59.wav,32694,
1797,TRAIN16k/spkr27_6.wav,32694,
1798,TRAIN16k/spkr34_74.wav,32694,
1799,TRAIN16k/spkr30_68.wav,32694,
1800,TRAIN16k/spkr46_56.wav,32694,
1801,TRAIN16k/spkr46_63.wav,32694,
1802,TRAIN16k/spkr27_66.wav,32694,
1803,TRAIN16k/spkr30_4.wav,32694,
1804,TRAIN16k/spkr45_63.wav,32694,
1805,TRAIN16k/spkr30_62.wav,32694,
1806,TRAIN16k/spkr34_5.wav,32694,
1807,TRAIN16k/spkr30_40.wav,32694,
1808,TRAIN16k/spkr34_70.wav,32694,
1809,TRAIN16k/spkr50_70.wav,32694,
1810,TRAIN16k/spkr57_74.wav,32694,
1811,TRAIN16k/spkr34_68.wav,32694,
1812,TRAIN16k/spkr34_54.wav,32694,
1813,TRAIN16k/spkr35_61.wav,32694,
1814,TRAIN16k/spkr112_5.wav,31403,
1815,TRAIN16k/spkr64_66.wav,31403,
1816,TRAIN16k/spkr110_9.wav,31403,
1817,TRAIN16k/spkr64_28.wav,31403,
1818,TRAIN16k/spkr64_54.wav,31403,
1819,TRAIN16k/spkr64_62.wav,31403,
1820,TRAIN16k/spkr31_63.wav,31208,
1821,TRAIN16k/spkr35_68.wav,31208,
1822,TRAIN16k/spkr45_56.wav,31208,
1823,TRAIN16k/spkr35_52.wav,31208,
1824,TRAIN16k/spkr30_66.wav,31208,
1825,TRAIN16k/spkr35_40.wav,31208,
1826,TRAIN16k/spkr30_8.wav,31208,
1827,TRAIN16k/spkr35_44.wav,31208,
1828,TRAIN16k/spkr32_63.wav,31208,
1829,TRAIN16k/spkr50_63.wav,31208,
1830,TRAIN16k/spkr30_6.wav,31208,
1831,TRAIN16k/spkr27_5.wav,31208,
1832,TRAIN16k/spkr32_1.wav,31208,
1833,TRAIN16k/spkr32_44.wav,31208,
1834,TRAIN16k/spkr35_74.wav,31208,
1835,TRAIN16k/spkr50_59.wav,31208,
1836,TRAIN16k/spkr50_69.wav,31208,
1837,TRAIN16k/spkr35_54.wav,31208,
1838,TRAIN16k/spkr50_10.wav,31208,
1839,TRAIN16k/spkr50_29.wav,31208,
1840,TRAIN16k/spkr27_62.wav,31208,
1841,TRAIN16k/spkr30_43.wav,31208,
1842,TRAIN16k/spkr17_68.wav,30037,
1843,TRAIN16k/spkr17_56.wav,30037,
1844,TRAIN16k/spkr64_74.wav,30037,
1845,TRAIN16k/spkr64_42.wav,30037,
1846,TRAIN16k/spkr31_62.wav,29722,
1847,TRAIN16k/spkr50_7.wav,29722,
1848,TRAIN16k/spkr35_51.wav,29722,
1849,TRAIN16k/spkr29_54.wav,29722,
1850,TRAIN16k/spkr50_8.wav,29722,
1851,TRAIN16k/spkr32_51.wav,29722,
1852,TRAIN16k/spkr35_63.wav,29722,
1853,TRAIN16k/spkr35_29.wav,29722,
1854,TRAIN16k/spkr30_57.wav,29722,
1855,TRAIN16k/spkr50_4.wav,29722,
1856,TRAIN16k/spkr35_66.wav,29722,
1857,TRAIN16k/spkr30_56.wav,29722,
1858,TRAIN16k/spkr35_5.wav,29722,
1859,TRAIN16k/spkr35_59.wav,29722,
1860,TRAIN16k/spkr32_62.wav,29722,
1861,TRAIN16k/spkr32_42.wav,29722,
1862,TRAIN16k/spkr32_74.wav,29722,
1863,TRAIN16k/spkr57_62.wav,29722,
1864,TRAIN16k/spkr50_26.wav,29722,
1865,TRAIN16k/spkr32_45.wav,29722,
1866,TRAIN16k/spkr50_5.wav,29722,
1867,TRAIN16k/spkr50_56.wav,29722,
1868,TRAIN16k/spkr64_51.wav,28672,
1869,TRAIN16k/spkr64_60.wav,28672,
1870,TRAIN16k/spkr112_6.wav,28672,
1871,TRAIN16k/spkr64_59.wav,28672,
1872,TRAIN16k/spkr35_73.wav,28236,
1873,TRAIN16k/spkr30_73.wav,28236,
1874,TRAIN16k/spkr29_62.wav,28236,
1875,TRAIN16k/spkr32_70.wav,28236,
1876,TRAIN16k/spkr50_68.wav,28236,
1877,TRAIN16k/spkr30_63.wav,28236,
1878,TRAIN16k/spkr17_63.wav,27307,
1879,TRAIN16k/spkr64_9.wav,27307,
1880,TRAIN16k/spkr64_56.wav,27307,
1881,TRAIN16k/spkr110_62.wav,27307,
1882,TRAIN16k/spkr64_45.wav,27307,
1883,TRAIN16k/spkr64_57.wav,27307,
1884,TRAIN16k/spkr34_62.wav,26750,
1885,TRAIN16k/spkr34_56.wav,26750,
1886,TRAIN16k/spkr34_63.wav,26750,
1887,TRAIN16k/spkr30_45.wav,26750,
1888,TRAIN16k/spkr50_73.wav,25263,
1889,TRAIN16k/spkr15_62.wav,25263,
1890,TRAIN16k/spkr30_1.wav,25263,
1891,TRAIN16k/spkr50_54.wav,25263,
1892,TRAIN16k/spkr50_6.wav,25263,
1893,TRAIN16k/spkr30_54.wav,23777,
1894,TRAIN16k/spkr35_62.wav,23777,
1895,TRAIN16k/spkr50_62.wav,23777,
1896,TRAIN16k/spkr15_63.wav,23777,
1897,TRAIN16k/spkr57_68.wav,23777,
1898,TRAIN16k/spkr50_45.wav,23777,
1899,TRAIN16k/spkr64_63.wav,23211,
1900,TRAIN16k/spkr50_51.wav,22291,
1901,TRAIN16k/spkr32_56.wav,22291,
1902,TRAIN16k/spkr35_6.wav,22291,
